code,name,issuer,index,market,leverage,hedge
069500,KODEX 200,KODEX,KOSPI200,KR,1.0,none
360750,TIGER 미국S&P500,TIGER,SP500,US,1.0,unhedged
459580,KODEX CD금리액티브(합성),KODEX,KR_MONEY_MARKET,KR,1.0,none
379800,KODEX 미국S&P500,KODEX,SP500,US,1.0,unhedged
133690,TIGER 미국나스닥100,TIGER,NASDAQ100,US,1.0,unhedged
396500,TIGER 반도체TOP10,TIGER,KR_SEMICONDUCTOR,KR,1.0,none
229200,KODEX 코스닥150,KODEX,KOSDAQ150,KR,1.0,none
488770,KODEX 머니마켓액티브,KODEX,KR_MONEY_MARKET,KR,1.0,none
102110,TIGER 200,TIGER,KOSPI200,KR,1.0,none
278530,KODEX 200TR,KODEX,KOSPI200,KR,1.0,none
379810,KODEX 미국나스닥100,KODEX,NASDAQ100,US,1.0,unhedged
122630,KODEX 레버리지,KODEX,KOSPI200,KR,2.0,none
411060,ACE KRX금현물,ACE,GOLD,COMMODITY,1.0,unhedged
233740,KODEX 코스닥150레버리지,KODEX,KOSDAQ150,KR,2.0,none
357870,TIGER CD금리투자KIS(합성),TIGER,KR_MONEY_MARKET,KR,1.0,none
423160,KODEX KOFR금리액티브(합성),KODEX,KR_MONEY_MARKET,KR,1.0,none
310970,TIGER MSCI Korea TR,TIGER,KOSPI200,KR,1.0,none
091160,KODEX 반도체,KODEX,KR_SEMICONDUCTOR,KR,1.0,none
273130,KODEX 종합채권(AA-이상)액티브,KODEX,KR_BOND_AGGREGATE,KR,1.0,none
381170,TIGER 미국테크TOP10 INDXX,TIGER,US_TECH,US,1.0,unhedged
498400,KODEX 200타겟위클리커버드콜,KODEX,KOSPI200,KR,1.0,none
0043B0,TIGER 머니마켓액티브,TIGER,KR_MONEY_MARKET,KR,1.0,none
381180,TIGER 미국필라델피아반도체나스닥,TIGER,PHLX_SEMICONDUCTOR,US,1.0,unhedged
360200,ACE 미국S&P500,ACE,SP500,US,1.0,unhedged
148020,RISE 200,RISE,KOSPI200,KR,1.0,none
458730,TIGER 미국배당다우존스,TIGER,DJ_US_DIVIDEND,US,1.0,unhedged
481050,KODEX CD1년금리플러스액티브(합성),KODEX,KR_MONEY_MARKET,KR,1.0,none
367380,ACE 미국나스닥100,ACE,NASDAQ100,US,1.0,unhedged
102780,KODEX 삼성그룹,KODEX,KR_CONGLOMERATE,KR,1.0,none
161510,PLUS 고배당주,PLUS,KR_DIVIDEND,KR,1.0,none
449170,TIGER KOFR금리액티브(합성),TIGER,KR_MONEY_MARKET,KR,1.0,none
455890,RISE 머니마켓액티브,RISE,KR_MONEY_MARKET,KR,1.0,none
292150,TIGER 코리아TOP10,TIGER,KOSPI200,KR,1.0,none
232080,TIGER 코스닥150,TIGER,KOSDAQ150,KR,1.0,none
278540,KODEX MSCI Korea TR,KODEX,KOSPI200,KR,1.0,none
395160,KODEX AI반도체,KODEX,KR_SEMICONDUCTOR,KR,1.0,none
0117L0,KODEX 26-12 금융채(AA-이상)액티브,KODEX,KR_TREASURY,KR,1.0,none
466920,SOL 조선TOP3플러스,SOL,KR_SHIPBUILDING,KR,1.0,none
214980,KODEX 단기채권PLUS,KODEX,KR_MONEY_MARKET,KR,1.0,none
305720,KODEX 2차전지산업,KODEX,KR_BATTERY,KR,1.0,none
449450,PLUS K방산,PLUS,KR_DEFENSE,KR,1.0,none
385540,RISE 종합채권(A-이상)액티브,RISE,KR_BOND_AGGREGATE,KR,1.0,none
453850,ACE 미국30년국채액티브(H),ACE,US_TREASURY_30Y,US,1.0,hedge
487240,KODEX AI전력핵심설비,KODEX,KR_AI,KR,1.0,none
475630,TIGER CD1년금리액티브(합성),TIGER,KR_MONEY_MARKET,KR,1.0,none
294400,KIWOOM 200TR,KIWOOM,KOSPI200,KR,1.0,none
0072R0,TIGER KRX금현물,TIGER,GOLD,COMMODITY,1.0,unhedged
395270,HANARO Fn K-반도체,HANARO,KR_SEMICONDUCTOR,KR,1.0,none
477080,RISE CD금리액티브(합성),RISE,KR_MONEY_MARKET,KR,1.0,none
0061Z0,RISE 단기특수은행채액티브,RISE,KR_TREASURY,KR,1.0,none
487230,KODEX 미국AI전력핵심인프라,KODEX,US_AI,US,1.0,unhedged
315930,KODEX Top5PlusTR,KODEX,KOSPI200,KR,1.0,none
284430,KODEX 200미국채혼합,KODEX,KR_TREASURY,KR,1.0,none
441640,KODEX 미국배당커버드콜액티브,KODEX,US_COVERED_CALL,US,1.0,unhedged
329200,TIGER 리츠부동산인프라,TIGER,KR_REIT,KR,1.0,none
105190,ACE 200,ACE,KOSPI200,KR,1.0,none
252670,KODEX 200선물인버스2X,KODEX,KOSPI200,KR,-2.0,none
371460,TIGER 차이나전기차SOLACTIVE,TIGER,CHINA,CHINA,1.0,unhedged
379780,RISE 미국S&P500,RISE,SP500,US,1.0,unhedged
144600,KODEX 은선물(H),KODEX,SILVER,COMMODITY,1.0,hedge
152100,PLUS 200,PLUS,KOSPI200,KR,1.0,none
488080,TIGER 반도체TOP10레버리지,TIGER,KR_SEMICONDUCTOR,KR,2.0,none
368590,RISE 미국나스닥100,RISE,NASDAQ100,US,1.0,unhedged
0139F0,TIGER 12월자동연장금융채(AA-이상)액티브,TIGER,KR_TREASURY,KR,1.0,none
486290,TIGER 미국나스닥100타겟데일리커버드콜,TIGER,US_COVERED_CALL,US,1.0,unhedged
457480,ACE 테슬라밸류체인액티브,ACE,KR_GLOBAL_VALUECHAIN,GLOBAL,1.0,unhedged
456600,TIME 글로벌AI인공지능액티브,TIME,US_AI,GLOBAL,1.0,unhedged
436140,SOL 종합채권(AA-이상)액티브,SOL,KR_BOND_AGGREGATE,KR,1.0,none
305540,TIGER 2차전지테마,TIGER,KR_BATTERY,KR,1.0,none
494310,KODEX 반도체레버리지,KODEX,KR_SEMICONDUCTOR,KR,2.0,none
476550,TIGER 미국30년국채커버드콜액티브(H),TIGER,US_TREASURY_30Y,US,1.0,hedge
494670,TIGER 조선TOP10,TIGER,KR_SHIPBUILDING,KR,1.0,none
356540,ACE 종합채권(AA-이상)액티브,ACE,KR_BOND_AGGREGATE,KR,1.0,none
426030,TIME 미국나스닥100액티브,TIME,NASDAQ100,US,1.0,unhedged
455850,SOL AI반도체소부장,SOL,KR_SEMICONDUCTOR,KR,1.0,none
451540,TIGER 종합채권(AA-이상)액티브,TIGER,KR_BOND_AGGREGATE,KR,1.0,none
446770,ACE 글로벌반도체TOP4 Plus,ACE,US_SEMICONDUCTOR,GLOBAL,1.0,unhedged
445290,KODEX 로봇액티브,KODEX,KR_ROBOT,KR,1.0,none
114800,KODEX 인버스,KODEX,KOSPI200,KR,-1.0,none
448330,KODEX 삼성전자채권혼합,KODEX,KR_MIXED_STOCK_BOND,KR,1.0,none
469830,SOL 초단기채권액티브,SOL,KR_MONEY_MARKET,KR,1.0,none
465580,ACE 미국빅테크TOP7 Plus,ACE,US_TECH,US,1.0,unhedged
157450,TIGER 단기통안채,TIGER,KR_TREASURY,KR,1.0,none
466940,TIGER 은행고배당플러스TOP10,TIGER,KR_DIVIDEND,KR,1.0,none
102970,KODEX 증권,KODEX,KR_SECTOR,KR,1.0,none
371160,TIGER 차이나항셍테크,TIGER,CHINA_HSCEI,CHINA,1.0,unhedged
438080,ACE 미국S&P500미국채혼합50액티브,ACE,US_MIXED,US,1.0,unhedged
494890,KODEX 200액티브,KODEX,KOSPI200,KR,1.0,none
446720,SOL 미국배당다우존스,SOL,DJ_US_DIVIDEND,US,1.0,unhedged
463250,TIGER K방산&우주,TIGER,KR_DEFENSE,KR,1.0,none
481060,KODEX 미국30년국채타겟커버드콜(합성 H),KODEX,US_TREASURY_30Y,US,1.0,hedge
479080,1Q 머니마켓액티브,1Q,KR_MONEY_MARKET,KR,1.0,none
139260,TIGER 200 IT,TIGER,KOSPI200,KR,1.0,none
226490,KODEX 코스피,KODEX,KOSPI,KR,1.0,none
497570,TIGER 미국필라델피아AI반도체나스닥,TIGER,PHLX_SEMICONDUCTOR,US,1.0,unhedged
091230,TIGER 반도체,TIGER,KR_SEMICONDUCTOR,KR,1.0,none
479520,RISE KOFR금리액티브(합성),RISE,KR_MONEY_MARKET,KR,1.0,none
434730,HANARO 원자력iSelect,HANARO,KR_NUCLEAR,KR,1.0,none
390390,KODEX 미국반도체,KODEX,US_SEMICONDUCTOR,US,1.0,unhedged
495050,RISE 코리아밸류업,RISE,KR_VALUEUP,KR,1.0,none
402970,ACE 미국배당다우존스,ACE,DJ_US_DIVIDEND,US,1.0,unhedged
272580,TIGER 단기채권액티브,TIGER,KR_MONEY_MARKET,KR,1.0,none
462010,TIGER 2차전지소재Fn,TIGER,KR_BATTERY,KR,1.0,none
458760,TIGER 미국배당다우존스타겟커버드콜2호,TIGER,DJ_US_DIVIDEND,US,1.0,unhedged
153130,KODEX 단기채권,KODEX,KR_MONEY_MARKET,KR,1.0,none
138540,TIGER 현대차그룹플러스,TIGER,KR_AUTO,KR,1.0,none
475720,RISE 200위클리커버드콜,RISE,KOSPI200,KR,1.0,none
487340,ACE 머니마켓액티브,ACE,KR_MONEY_MARKET,KR,1.0,none
251600,PLUS 고배당주채권혼합,PLUS,KR_DIVIDEND,KR,1.0,none
438330,TIGER 우량회사채액티브,TIGER,KR_CORPORATE,KR,1.0,none
449180,KODEX 미국S&P500(H),KODEX,SP500,US,1.0,hedge
472150,TIGER 배당커버드콜액티브,TIGER,KR_DIVIDEND,KR,1.0,none
444200,SOL 코리아메가테크액티브,SOL,KR_TECH,KR,1.0,none
237350,KODEX 코스피100,KODEX,KOSPI,KR,1.0,none
462900,KoAct 바이오헬스케어액티브,KoAct,KR_BIO,KR,1.0,none
462330,KODEX 2차전지산업레버리지,KODEX,KR_BATTERY,KR,2.0,none
456610,TIGER 미국달러SOFR금리액티브(합성),TIGER,USD_SOFR,CURRENCY,1.0,unhedged
455030,KODEX 미국달러SOFR금리액티브(합성),KODEX,USD_SOFR,CURRENCY,1.0,unhedged
441800,TIME Korea플러스배당액티브,TIME,KR_DIVIDEND,KR,1.0,none
0091P0,TIGER 코리아원자력,TIGER,KR_NUCLEAR,KR,1.0,none
385560,RISE KIS국고채30년Enhanced,RISE,KR_TREASURY_30Y,KR,1.0,none
314250,KODEX 미국빅테크10(H),KODEX,US_TECH,US,1.0,hedge
495850,KODEX 코리아밸류업,KODEX,KR_VALUEUP,KR,1.0,none
0127P0,ACE 미국대형성장주액티브,ACE,SP500,US,1.0,unhedged
494300,KODEX 미국나스닥100데일리커버드콜OTM,KODEX,US_COVERED_CALL,US,1.0,unhedged
447770,TIGER 테슬라채권혼합Fn,TIGER,KR_MIXED_STOCK_BOND,KR,1.0,none
0048J0,KODEX 미국머니마켓액티브,KODEX,US_MONEY_MARKET,US,1.0,unhedged
0148J0,TIGER 코리아휴머노이드로봇산업,TIGER,KR_ROBOT,KR,1.0,none
438100,ACE 미국나스닥100미국채혼합50액티브,ACE,US_MIXED,US,1.0,unhedged
498410,KODEX 금융고배당TOP10타겟위클리커버드콜,KODEX,KR_DIVIDEND,KR,1.0,none
458250,TIGER 미국30년국채스트립액티브(합성 H),TIGER,US_TREASURY_30Y,US,1.0,hedge
476800,KODEX 한국부동산리츠인프라,KODEX,KR_REIT,KR,1.0,none
069660,KIWOOM 200,KIWOOM,KOSPI200,KR,1.0,none
0080G0,KODEX 방산TOP10,KODEX,KR_DEFENSE,KR,1.0,none
484790,KODEX 미국30년국채액티브(H),KODEX,US_TREASURY_30Y,US,1.0,hedge
0105E0,SOL 코리아고배당,SOL,KR_DIVIDEND,KR,1.0,none
0025N0,TIGER TDF2045,TIGER,TDF,KR,1.0,none
0131V0,1Q 미국우주항공테크,1Q,AEROSPACE,US,1.0,unhedged
483280,KODEX 미국AI테크TOP10타겟커버드콜,KODEX,US_AI,US,1.0,unhedged
0117V0,TIGER 코리아AI전력기기TOP3플러스,TIGER,KR_AI,KR,1.0,none
364980,TIGER 2차전지TOP10,TIGER,KR_BATTERY,KR,1.0,none
091180,KODEX 자동차,KODEX,KR_SECTOR,KR,1.0,none
482730,TIGER 미국S&P500타겟데일리커버드콜,TIGER,US_COVERED_CALL,US,1.0,unhedged
473290,KODEX 26-12 회사채(AA-이상)액티브,KODEX,KR_CORPORATE,KR,1.0,none
114260,KODEX 국고채3년,KODEX,KR_TREASURY_3Y,KR,1.0,none
469150,ACE AI반도체TOP3+,ACE,KR_SEMICONDUCTOR,KR,1.0,none
293180,HANARO 200,HANARO,KOSPI200,KR,1.0,none
270810,RISE 코스닥150,RISE,KOSDAQ150,KR,1.0,none
469070,RISE AI&로봇,RISE,KR_AI,KR,1.0,none
477050,PLUS 머니마켓액티브,PLUS,KR_MONEY_MARKET,KR,1.0,none
148070,KIWOOM 국고채10년,KIWOOM,KR_TREASURY_10Y,KR,1.0,none
474220,TIGER 미국테크TOP10타겟커버드콜,TIGER,US_COVERED_CALL,US,1.0,unhedged
491010,TIGER 글로벌AI전력인프라액티브,TIGER,US_AI,GLOBAL,1.0,unhedged
434060,KODEX TDF2050액티브,KODEX,TDF,KR,1.0,none
251350,KODEX MSCI선진국,KODEX,MSCI_WORLD,GLOBAL,1.0,unhedged
480260,TIGER 27-04회사채(A+이상)액티브,TIGER,KR_CORPORATE,KR,1.0,none
132030,KODEX 골드선물(H),KODEX,GOLD,COMMODITY,1.0,hedge
471230,KODEX 국고채10년액티브,KODEX,KR_TREASURY_10Y,KR,1.0,none
0052D0,TIGER 코리아배당다우존스,TIGER,DJ_US_DIVIDEND,US,1.0,unhedged
463050,TIME K바이오액티브,TIME,KR_BIO,KR,1.0,none
329750,TIGER 미국달러단기채권액티브,TIGER,US_TREASURY,US,1.0,unhedged
091170,KODEX 은행,KODEX,KR_SECTOR,KR,1.0,none
449190,KODEX 미국나스닥100(H),KODEX,NASDAQ100,US,1.0,hedge
0163Y0,KoAct 코스닥액티브,KoAct,KOSDAQ150,KR,1.0,none
490590,RISE 미국AI밸류체인데일리고정커버드콜,RISE,US_AI,US,1.0,unhedged
454780,KIWOOM 종합채권(AA-이상)액티브,KIWOOM,KR_BOND_AGGREGATE,KR,1.0,none
489250,KODEX 미국배당다우존스,KODEX,DJ_US_DIVIDEND,US,1.0,unhedged
451000,PLUS 종합채권(AA-이상)액티브,PLUS,KR_BOND_AGGREGATE,KR,1.0,none
315960,RISE 대형고배당10TR,RISE,KR_DIVIDEND,KR,1.0,none
0162Z0,RISE 삼성전자SK하이닉스채권혼합50,RISE,KR_MIXED_STOCK_BOND,KR,1.0,none
448290,TIGER 미국S&P500(H),TIGER,SP500,US,1.0,hedge
499660,TIGER CD금리플러스액티브(합성),TIGER,KR_MONEY_MARKET,KR,1.0,none
471990,KODEX AI반도체핵심장비,KODEX,KR_SEMICONDUCTOR,KR,1.0,none
139230,TIGER 200 중공업,TIGER,KOSPI200,KR,1.0,none
478150,TIME 글로벌우주테크&방산액티브,TIME,US_DEFENSE,GLOBAL,1.0,unhedged
241180,TIGER 일본니케이225,TIGER,JAPAN_NIKKEI225,JAPAN,1.0,unhedged
0023A0,SOL 미국양자컴퓨팅TOP10,SOL,QUANTUM,US,1.0,unhedged
496080,TIGER 코리아밸류업,TIGER,KR_VALUEUP,KR,1.0,none
0007F0,KODEX 27-12 회사채(AA-이상)액티브,KODEX,KR_CORPORATE,KR,1.0,none
365780,ACE 국고채10년,ACE,KR_TREASURY_10Y,KR,1.0,none
0053L0,TIGER 차이나휴머노이드로봇,TIGER,CHINA,CHINA,1.0,unhedged
361580,RISE 200TR,RISE,KOSPI200,KR,1.0,none
490490,SOL 미국배당미국채혼합50,SOL,US_MIXED,US,1.0,unhedged
0122W0,RISE 26-11 회사채(AA-이상)액티브,RISE,KR_CORPORATE,KR,1.0,none
277630,TIGER 코스피,TIGER,KOSPI,KR,1.0,none
461490,RISE 글로벌자산배분액티브,RISE,ASSET_ALLOCATION,GLOBAL,1.0,unhedged
157500,TIGER 증권,TIGER,KR_SECTOR,KR,1.0,none
453810,KODEX 인도Nifty50,KODEX,INDIA_NIFTY50,INDIA,1.0,unhedged
295040,SOL 200TR,SOL,KOSPI200,KR,1.0,none
0162Y0,TIME 코스닥액티브,TIME,KOSDAQ150,KR,1.0,none
453870,TIGER 인도니프티50,TIGER,INDIA_NIFTY50,INDIA,1.0,unhedged
473330,SOL 미국30년국채커버드콜(합성),SOL,US_TREASURY_30Y,US,1.0,unhedged
423920,TIGER 미국필라델피아반도체레버리지(합성),TIGER,PHLX_SEMICONDUCTOR,US,2.0,unhedged
441680,TIGER 미국나스닥100커버드콜(합성),TIGER,US_COVERED_CALL,US,1.0,unhedged
302450,RISE 코스피,RISE,KOSPI,KR,1.0,none
0016X0,SOL 중단기회사채(A-이상)액티브,SOL,KR_CORPORATE,KR,1.0,none
0060H0,TIGER 토탈월드스탁액티브,TIGER,MSCI_WORLD,GLOBAL,1.0,unhedged
279530,KODEX 고배당주,KODEX,KR_DIVIDEND,KR,1.0,none
439870,KODEX 국고채30년액티브,KODEX,KR_TREASURY_30Y,KR,1.0,none
442320,RISE 글로벌원자력,RISE,US_NUCLEAR,GLOBAL,1.0,unhedged
456880,ACE 미국달러SOFR금리(합성),ACE,USD_SOFR,CURRENCY,1.0,unhedged
0046A0,TIGER 미국초단기(3개월이하)국채,TIGER,US_TREASURY,US,1.0,unhedged
484880,SOL 금융지주플러스고배당,SOL,KR_DIVIDEND,KR,1.0,none
475080,KODEX 테슬라커버드콜채권혼합액티브,KODEX,KR_MIXED_STOCK_BOND,KR,1.0,none
0040Y0,SOL 팔란티어커버드콜OTM채권혼합,SOL,KR_MIXED_STOCK_BOND,KR,1.0,none
307520,TIGER 지주회사,TIGER,KR_HOLDING,KR,1.0,none
466950,TIGER 글로벌AI액티브,TIGER,US_AI,GLOBAL,1.0,unhedged
437080,KODEX 미국종합채권ESG액티브(H),KODEX,US_BOND_AGGREGATE,US,1.0,hedge
472870,RISE 미국30년국채엔화노출(합성 H),RISE,US_TREASURY_30Y,US,1.0,hedge
442580,PLUS 글로벌HBM반도체,PLUS,US_SEMICONDUCTOR,GLOBAL,1.0,unhedged
273140,KODEX 단기변동금리부채권액티브,KODEX,KR_MONEY_MARKET,KR,1.0,none
421320,PLUS 우주항공&UAM,PLUS,AEROSPACE,GLOBAL,1.0,unhedged
472170,TIGER 미국테크TOP10채권혼합,TIGER,US_MIXED,US,1.0,unhedged
363570,KODEX 장기종합채권(AA-이상)액티브,KODEX,KR_BOND_AGGREGATE,KR,1.0,none
0144L0,KODEX 미국성장커버드콜액티브,KODEX,US_COVERED_CALL,US,1.0,unhedged
0038A0,KODEX 미국휴머노이드로봇,KODEX,US_ROBOT,US,1.0,unhedged
491620,RISE 미국테크100데일리고정커버드콜,RISE,US_COVERED_CALL,US,1.0,unhedged
228790,TIGER 화장품,TIGER,KR_BEAUTY,KR,1.0,none
476760,ACE 미국30년국채액티브,ACE,US_TREASURY_30Y,US,1.0,unhedged
245710,ACE 베트남VN30(합성),ACE,VIETNAM,VIETNAM,1.0,unhedged
233160,TIGER 코스닥150 레버리지,TIGER,KOSDAQ150,KR,2.0,none
439860,KODEX ESG종합채권(A-이상)액티브,KODEX,KR_BOND_AGGREGATE,KR,1.0,none
433500,ACE 원자력TOP10,ACE,KR_NUCLEAR,KR,1.0,none
244580,KODEX 바이오,KODEX,KR_BIO,KR,1.0,none
435420,TIGER 미국나스닥100채권혼합Fn,TIGER,US_MIXED,US,1.0,unhedged
302190,TIGER 중장기국채,TIGER,KR_TREASURY,KR,1.0,none
472160,TIGER 미국테크TOP10 INDXX(H),TIGER,US_TECH,US,1.0,hedge
481190,SOL 미국테크TOP10,SOL,US_TECH,US,1.0,unhedged
0094K0,TIGER 28-04 회사채(A+이상)액티브,TIGER,KR_CORPORATE,KR,1.0,none
448300,TIGER 미국나스닥100(H),TIGER,NASDAQ100,US,1.0,hedge
394670,TIGER 글로벌리튬&2차전지SOLACTIVE(합성),TIGER,CLEAN_ENERGY,GLOBAL,1.0,unhedged
458260,TIGER 미국투자등급회사채액티브(H),TIGER,US_CORPORATE,US,1.0,hedge
364970,TIGER 바이오TOP10,TIGER,KR_BIO,KR,1.0,none
283580,KODEX 차이나CSI300,KODEX,CHINA_CSI300,CHINA,1.0,unhedged
418660,TIGER 미국나스닥100레버리지(합성),TIGER,NASDAQ100,US,2.0,unhedged
385550,RISE 단기채권알파액티브,RISE,KR_MONEY_MARKET,KR,1.0,none
0064K0,KODEX 금액티브,KODEX,GOLD,COMMODITY,1.0,unhedged
485540,KODEX 미국AI테크TOP10,KODEX,US_AI,US,1.0,unhedged
488980,SOL 26-12 회사채(AA-이상)액티브,SOL,KR_CORPORATE,KR,1.0,none
0098F0,KODEX 원자력SMR,KODEX,KR_NUCLEAR,KR,1.0,none
0000J0,PLUS 한화그룹주,PLUS,KR_CONGLOMERATE,KR,1.0,none
385720,TIME 코스피액티브,TIME,KOSPI,KR,1.0,none
473460,KODEX 미국서학개미,KODEX,SP500,US,1.0,unhedged
123320,TIGER 레버리지,TIGER,KOSPI200,KR,2.0,none
290130,RISE ESG사회책임투자,RISE,KR_ESG,KR,1.0,none
0051G0,SOL 미국원자력SMR,SOL,US_NUCLEAR,US,1.0,unhedged
493810,TIGER 미국AI빅테크10타겟데일리커버드콜,TIGER,US_AI,US,1.0,unhedged
0153K0,KODEX 주주환원고배당주,KODEX,KR_DIVIDEND,KR,1.0,none
329650,KODEX TRF3070,KODEX,ASSET_ALLOCATION,GLOBAL,1.0,unhedged
0052S0,1Q 미국S&P500미국채혼합50액티브,1Q,US_MIXED,US,1.0,unhedged
451060,1Q 200액티브,1Q,KOSPI200,KR,1.0,none
486450,SOL 미국AI전력인프라,SOL,US_AI,US,1.0,unhedged
354500,ACE 코스닥150,ACE,KOSDAQ150,KR,1.0,none
433330,SOL 미국S&P500,SOL,SP500,US,1.0,unhedged
0047A0,TIGER 차이나테크TOP10,TIGER,CHINA,CHINA,1.0,unhedged
305080,TIGER 미국채10년선물,TIGER,US_TREASURY_10Y,US,1.0,unhedged
448630,RISE 삼성그룹Top3채권혼합,RISE,KR_MIXED_STOCK_BOND,KR,1.0,none
0026S0,1Q 미국S&P500,1Q,SP500,US,1.0,unhedged
0048K0,KODEX 차이나휴머노이드로봇,KODEX,CHINA,CHINA,1.0,unhedged
160580,TIGER 구리실물,TIGER,COPPER,COMMODITY,1.0,unhedged
448540,ACE 엔비디아채권혼합,ACE,KR_MIXED_STOCK_BOND,KR,1.0,none
310960,TIGER 200TR,TIGER,KOSPI200,KR,1.0,none
461950,KODEX 2차전지핵심소재10,KODEX,KR_BATTERY,KR,1.0,none
0089D0,KODEX 금융고배당TOP10,KODEX,KR_DIVIDEND,KR,1.0,none
261260,KODEX 미국달러선물인버스2X,KODEX,USD,CURRENCY,-2.0,unhedged
498270,KIWOOM 미국양자컴퓨팅,KIWOOM,QUANTUM,US,1.0,unhedged
476450,KIWOOM 머니마켓액티브,KIWOOM,KR_MONEY_MARKET,KR,1.0,none
466930,SOL 자동차TOP3플러스,SOL,KR_AUTO,KR,1.0,none
385510,KODEX 신재생에너지액티브,KODEX,CLEAN_ENERGY,KR,1.0,none
0093A0,RISE AI반도체TOP10,RISE,KR_SEMICONDUCTOR,KR,1.0,none
491610,1Q CD금리액티브(합성),1Q,KR_MONEY_MARKET,KR,1.0,none
489030,PLUS 고배당주위클리커버드콜,PLUS,KR_DIVIDEND,KR,1.0,none
422420,RISE 2차전지액티브,RISE,KR_BATTERY,KR,1.0,none
495230,KoAct 코리아밸류업액티브,KoAct,KR_VALUEUP,KR,1.0,none
190620,ACE 단기통안채,ACE,KR_TREASURY,KR,1.0,none
396520,TIGER 차이나반도체FACTSET,TIGER,CHINA,CHINA,1.0,unhedged
196230,RISE 단기통안채,RISE,KR_TREASURY,KR,1.0,none
0040X0,SOL 팔란티어미국채커버드콜혼합,SOL,KR_TREASURY,KR,1.0,none
266160,RISE 고배당,RISE,KR_DIVIDEND,KR,1.0,none
200250,KIWOOM 인도Nifty50(합성),KIWOOM,INDIA_NIFTY50,INDIA,1.0,unhedged
496020,WON 전단채플러스액티브,WON,KR_MONEY_MARKET,KR,1.0,none
472920,HK 종합채권(AA-이상)액티브,HK,KR_BOND_AGGREGATE,KR,1.0,none
143860,TIGER 헬스케어,TIGER,KR_BIO,KR,1.0,none
251340,KODEX 코스닥150선물인버스,KODEX,KOSDAQ150,KR,-1.0,none
426020,TIME 미국S&P500액티브,TIME,SP500,US,1.0,unhedged
452360,SOL 미국배당다우존스(H),SOL,DJ_US_DIVIDEND,US,1.0,hedge
414780,TIGER 차이나과창판STAR50(합성),TIGER,CHINA_STAR50,CHINA,1.0,unhedged
0101N0,RISE AI전력인프라,RISE,KR_AI,KR,1.0,none
464240,KIWOOM 26-09회사채(AA-이상)액티브,KIWOOM,KR_CORPORATE,KR,1.0,none
490090,TIGER 미국AI빅테크10,TIGER,US_AI,US,1.0,unhedged
0092C0,SOL 27-12 회사채(AA-이상)액티브,SOL,KR_CORPORATE,KR,1.0,none
497880,SOL CD금리&머니마켓액티브,SOL,KR_MONEY_MARKET,KR,1.0,none
483320,ACE 엔비디아밸류체인액티브,ACE,KR_GLOBAL_VALUECHAIN,GLOBAL,1.0,unhedged
213610,KODEX 삼성그룹밸류,KODEX,KR_CONGLOMERATE,KR,1.0,none
0111P0,1Q 미국나스닥100미국채혼합50액티브,1Q,US_MIXED,US,1.0,unhedged
471760,TIGER AI반도체핵심공정,TIGER,KR_SEMICONDUCTOR,KR,1.0,none
272560,RISE 단기국공채액티브,RISE,KR_TREASURY,KR,1.0,none
388420,RISE 비메모리반도체액티브,RISE,KR_SEMICONDUCTOR,KR,1.0,none
471040,KoAct 글로벌AI&로봇액티브,KoAct,US_ROBOT,GLOBAL,1.0,unhedged
332930,HANARO 200TR,HANARO,KOSPI200,KR,1.0,none
0123G0,TIGER 미국AI전력SMR,TIGER,US_AI,US,1.0,unhedged
409820,KODEX 미국나스닥100레버리지(합성 H),KODEX,NASDAQ100,US,2.0,hedge
304660,KODEX 미국30년국채울트라선물(H),KODEX,US_TREASURY_30Y,US,1.0,hedge
463290,1Q 단기금융채액티브,1Q,KR_TREASURY,KR,1.0,none
0008S0,TIGER 미국배당다우존스타겟데일리커버드콜,TIGER,DJ_US_DIVIDEND,US,1.0,unhedged
0043Y0,TIME 차이나AI테크액티브,TIME,CHINA,CHINA,1.0,unhedged
367760,RISE 네트워크인프라,RISE,INFRASTRUCTURE,KR,1.0,none
0001S0,TIGER 26-04 회사채(A+이상)액티브,TIGER,KR_CORPORATE,KR,1.0,none
114100,RISE 국고채3년,RISE,KR_TREASURY_3Y,KR,1.0,none
465780,마이티 26-09 특수채(AAA)액티브,마이티,KR_TREASURY,KR,1.0,none
480020,ACE 미국빅테크7+데일리타겟커버드콜(합성),ACE,US_COVERED_CALL,US,1.0,unhedged
237370,KODEX 코리아배당성장채권혼합,KODEX,KR_DIVIDEND,KR,1.0,none
0005D0,SOL 전고체배터리&실리콘음극재,SOL,KR_BATTERY,KR,1.0,none
0138Y0,PLUS 금채권혼합,PLUS,GOLD,COMMODITY,1.0,unhedged
325020,KODEX 배당가치,KODEX,KR_DIVIDEND,KR,1.0,none
267770,TIGER 200선물레버리지,TIGER,KOSPI200,KR,2.0,none
182480,TIGER 미국MSCI리츠(합성 H),TIGER,US_REIT,US,1.0,hedge
372330,KODEX 차이나항셍테크,KODEX,CHINA_HSCEI,CHINA,1.0,unhedged
0119H0,KODEX 28-12 회사채(AA-이상)액티브,KODEX,KR_CORPORATE,KR,1.0,none
192090,TIGER 차이나CSI300,TIGER,CHINA_CSI300,CHINA,1.0,unhedged
0080Y0,SOL 조선TOP3플러스레버리지,SOL,KR_SHIPBUILDING,KR,2.0,none
483340,ACE 구글밸류체인액티브,ACE,KR_GLOBAL_VALUECHAIN,GLOBAL,1.0,unhedged
0091C0,KODEX 미국10년국채액티브(H),KODEX,US_TREASURY_10Y,US,1.0,hedge
0015B0,KoAct 미국나스닥성장기업액티브,KoAct,NASDAQ100,US,1.0,unhedged
481180,SOL 미국AI소프트웨어,SOL,US_AI,US,1.0,unhedged
455860,SOL 2차전지소부장Fn,SOL,KR_BATTERY,KR,1.0,none
325010,KODEX 성장주,KODEX,KOSPI200,KR,1.0,none
0092B0,SOL 한국원자력SMR,SOL,KR_NUCLEAR,KR,1.0,none
475050,ACE KPOP포커스,ACE,KR_CULTURE,KR,1.0,none
483290,KODEX 미국배당다우존스타겟커버드콜,KODEX,DJ_US_DIVIDEND,US,1.0,unhedged
403790,마이다스 코스피액티브,마이다스,KOSPI,KR,1.0,none
461270,ACE 26-06 회사채(AA-이상)액티브,ACE,KR_CORPORATE,KR,1.0,none
429000,TIGER 미국S&P500배당귀족,TIGER,SP500_DIVIDEND_ARISTOCRAT,US,1.0,unhedged
261220,KODEX WTI원유선물(H),KODEX,OIL,COMMODITY,1.0,hedge
480030,ACE 미국500데일리타겟커버드콜(합성),ACE,US_COVERED_CALL,US,1.0,unhedged
0019K0,TIME 미국나스닥100채권혼합50액티브,TIME,US_MIXED,US,1.0,unhedged
136340,RISE 중기우량회사채,RISE,KR_CORPORATE,KR,1.0,none
319640,TIGER 골드선물(H),TIGER,GOLD,COMMODITY,1.0,hedge
332500,ACE 200TR,ACE,KOSPI200,KR,1.0,none
0104N0,TIGER 200타겟위클리커버드콜,TIGER,KOSPI200,KR,1.0,none
367770,RISE 수소경제테마,RISE,HYDROGEN,GLOBAL,1.0,unhedged
491230,PLUS 국공채머니마켓액티브,PLUS,KR_TREASURY,KR,1.0,none
490480,SOL K방산,SOL,KR_DEFENSE,KR,1.0,none
412570,TIGER 2차전지TOP10레버리지,TIGER,KR_BATTERY,KR,2.0,none
451530,TIGER 국고채30년스트립액티브,TIGER,KR_TREASURY_30Y,KR,1.0,none
219480,KODEX 미국S&P500선물(H),KODEX,SP500,US,1.0,hedge
474590,WON 반도체밸류체인액티브,WON,KR_SEMICONDUCTOR,KR,1.0,none
0115D0,KODEX 조선TOP10,KODEX,KR_SHIPBUILDING,KR,1.0,none
0066W0,SOL 국제금,SOL,GOLD,COMMODITY,1.0,unhedged
0005A0,KODEX 미국S&P500데일리커버드콜OTM,KODEX,US_COVERED_CALL,US,1.0,unhedged
0099L0,ACE 우량회사채(AA-이상)액티브,ACE,KR_CORPORATE,KR,1.0,none
495060,TIME 코리아밸류업액티브,TIME,KR_VALUEUP,KR,1.0,none
0162M0,KODEX 금융채1~2년(AA-이상)PLUS액티브,KODEX,KR_TREASURY,KR,1.0,none
442570,RISE TDF2050액티브,RISE,TDF,KR,1.0,none
245340,TIGER 미국다우존스30,TIGER,DOW,US,1.0,unhedged
278240,RISE 코스닥150선물레버리지,RISE,KOSDAQ150,KR,2.0,none
309230,ACE 미국WideMoat동일가중,ACE,KOSPI200,KR,1.0,none
0074K0,KoAct K수출핵심기업TOP30액티브,KoAct,KR_TECH,KR,1.0,none
295020,RISE 국채선물10년인버스,RISE,KR_TREASURY_10Y,KR,-1.0,none
114820,TIGER 국채3년,TIGER,KR_TREASURY_3Y,KR,1.0,none
481430,RISE 국고채10년액티브,RISE,KR_TREASURY_10Y,KR,1.0,none
464930,TIGER 글로벌혁신블루칩TOP10,TIGER,MSCI_WORLD,GLOBAL,1.0,unhedged
168580,ACE 중국본토CSI300,ACE,CHINA_CSI300,CHINA,1.0,unhedged
458210,KIWOOM CD금리액티브(합성),KIWOOM,KR_MONEY_MARKET,KR,1.0,none
488500,TIGER 미국S&P500동일가중,TIGER,SP500,US,1.0,unhedged
473640,HANARO 글로벌금채굴기업,HANARO,GOLD_MINING,GLOBAL,1.0,unhedged
0127M0,ACE 미국대형가치주액티브,ACE,SP500,US,1.0,unhedged
152870,파워 200,파워,KOSPI200,KR,1.0,none
0151S0,KODEX 미국AI반도체TOP3플러스,KODEX,US_AI,US,1.0,unhedged
228810,TIGER 미디어컨텐츠,TIGER,KR_CULTURE,KR,1.0,none
464310,TIGER 글로벌AI&로보틱스 INDXX,TIGER,US_AI,GLOBAL,1.0,unhedged
0085N0,ACE 미국10년국채액티브(H),ACE,US_TREASURY_10Y,US,1.0,hedge
0000Y0,HK 26-12 회사채(AA-이상)액티브,HK,KR_CORPORATE,KR,1.0,none
433980,KODEX TDF2040액티브,KODEX,TDF,KR,1.0,none
0118Z0,ACE 미국AI테크핵심산업액티브,ACE,US_AI,US,1.0,unhedged
204480,TIGER 차이나CSI300레버리지(합성),TIGER,CHINA_CSI300,CHINA,2.0,unhedged
469170,ACE 포스코그룹포커스,ACE,KR_CONGLOMERATE,KR,1.0,none
465610,ACE 미국빅테크TOP7 Plus레버리지(합성),ACE,US_TECH,US,2.0,unhedged
438570,SOL 국고채10년,SOL,KR_TREASURY_10Y,KR,1.0,none
157490,TIGER 소프트웨어,TIGER,KR_TECH,KR,1.0,none
130730,KIWOOM 단기자금,KIWOOM,KR_MONEY_MARKET,KR,1.0,none
495550,SOL 코리아밸류업TR,SOL,KR_VALUEUP,KR,1.0,none
491820,HANARO 전력설비투자,HANARO,INFRASTRUCTURE,KR,1.0,none
494220,UNICORN SK하이닉스밸류체인액티브,UNICORN,KR_GLOBAL_VALUECHAIN,GLOBAL,1.0,unhedged
399110,SOL 미국S&P500ESG,SOL,SP500_ESG,US,1.0,unhedged
423170,SOL 글로벌AI반도체탑픽액티브,SOL,US_AI,GLOBAL,1.0,unhedged
454320,HANARO CAPEX설비투자iSelect,HANARO,INFRASTRUCTURE,KR,1.0,none
498180,파워 종합채권(AA-이상)액티브,파워,KR_BOND_AGGREGATE,KR,1.0,none
0082V0,KODEX TDF2060액티브,KODEX,TDF,KR,1.0,none
0069M0,1Q 미국나스닥100,1Q,NASDAQ100,US,1.0,unhedged
468380,KODEX iShares미국하이일드액티브,KODEX,US_CORPORATE,US,1.0,unhedged
328370,PLUS 코스피TR,PLUS,KOSPI,KR,1.0,none
308620,KODEX 미국10년국채선물,KODEX,US_TREASURY_10Y,US,1.0,unhedged
494840,TIGER 미국방산TOP10,TIGER,US_DEFENSE,US,1.0,unhedged
492500,1Q 현대차그룹채권(A+이상)&국고통안,1Q,KR_AUTO,KR,1.0,none
0131W0,1Q 단기특수은행채액티브,1Q,KR_TREASURY,KR,1.0,none
495710,BNK 26-06 특수채(AAA이상)액티브,BNK,KR_TREASURY,KR,1.0,none
0135Y0,ITF 중기종합채권(AA-이상)액티브,ITF,KR_BOND_AGGREGATE,KR,1.0,none
359210,KODEX 코스피TR,KODEX,KOSPI200,KR,1.0,none
479730,TIGER 인도빌리언컨슈머,TIGER,INDIA,INDIA,1.0,unhedged
394660,TIGER 글로벌자율주행&전기차SOLACTIVE,TIGER,AUTONOMOUS,GLOBAL,1.0,unhedged
363580,KODEX 200IT TR,KODEX,KOSPI200,KR,1.0,none
304940,KODEX 미국나스닥100선물(H),KODEX,NASDAQ100,US,1.0,hedge
364960,TIGER BBIG,TIGER,KR_TECH,KR,1.0,none
441540,HANARO Fn조선해운,HANARO,KR_SHIPBUILDING,KR,1.0,none
243880,TIGER 200IT레버리지,TIGER,KOSPI200,KR,2.0,none
0151P0,RISE 코리아전략산업액티브,RISE,KR_TECH,KR,1.0,none
0091M0,HANARO 27-06 회사채(AA-이상)액티브,HANARO,KR_CORPORATE,KR,1.0,none
0115E0,KODEX 코리아소버린AI,KODEX,KR_AI,KR,1.0,none
496090,KIWOOM 코리아밸류업,KIWOOM,KR_VALUEUP,KR,1.0,none
490600,RISE 미국배당100데일리고정커버드콜,RISE,US_COVERED_CALL,US,1.0,unhedged
448100,WON 200,WON,KOSPI200,KR,1.0,none
480040,ACE 미국반도체데일리타겟커버드콜(합성),ACE,US_SEMICONDUCTOR,US,1.0,unhedged
411420,KODEX 미국나스닥AI테크액티브,KODEX,SP500_TECH,US,1.0,unhedged
203780,TIGER 미국나스닥바이오,TIGER,US_BIO,US,1.0,unhedged
0132K0,PLUS 테슬라위클리커버드콜채권혼합,PLUS,KR_COVERED_CALL,KR,1.0,none
0035T0,PLUS 글로벌휴머노이드로봇액티브,PLUS,US_ROBOT,GLOBAL,1.0,unhedged
329660,KODEX TRF5050,KODEX,ASSET_ALLOCATION,GLOBAL,1.0,unhedged
0036R0,RISE 미국휴머노이드로봇,RISE,US_ROBOT,US,1.0,unhedged
143850,TIGER 미국S&P500선물(H),TIGER,SP500,US,1.0,hedge
447620,SOL 미국TOP5채권혼합40 Solactive,SOL,US_MIXED,US,1.0,unhedged
401170,RISE 메타버스,RISE,METAVERSE,KR,1.0,none
261070,TIGER 코스닥150바이오테크,TIGER,KOSDAQ150,KR,1.0,none
0098N0,PLUS 자사주매입고배당주,PLUS,KR_DIVIDEND,KR,1.0,none
495330,1Q 코리아밸류업,1Q,KR_VALUEUP,KR,1.0,none
266420,KODEX 헬스케어,KODEX,KR_BIO,KR,1.0,none
377990,TIGER Fn신재생에너지,TIGER,CLEAN_ENERGY,KR,1.0,none
211900,KODEX 코리아배당성장,KODEX,KR_DIVIDEND,KR,1.0,none
0111J0,HANARO 증권고배당TOP3플러스,HANARO,KR_DIVIDEND,KR,1.0,none
0102A0,TIGER 미국AI소프트웨어TOP4Plus,TIGER,US_AI,US,1.0,unhedged
0017Y0,1Q 종합채권(AA-이상)액티브,1Q,KR_BOND_AGGREGATE,KR,1.0,none
0086B0,TIGER 리츠부동산인프라TOP10액티브,TIGER,KR_REIT,KR,1.0,none
0052T0,1Q 중단기회사채(A-이상)액티브,1Q,KR_CORPORATE,KR,1.0,none
211560,TIGER 배당성장,TIGER,KR_DIVIDEND,KR,1.0,none
195980,PLUS 신흥국MSCI(합성 H),PLUS,MSCI_EM,GLOBAL,1.0,hedge
0132H0,KODEX 미국원자력SMR,KODEX,US_NUCLEAR,US,1.0,unhedged
0085P0,ACE 미국10년국채액티브,ACE,US_TREASURY_10Y,US,1.0,unhedged
138520,TIGER 삼성그룹,TIGER,KR_CONGLOMERATE,KR,1.0,none
0018C0,PLUS 고배당주위클리고정커버드콜,PLUS,KR_DIVIDEND,KR,1.0,none
473440,ACE 11월만기자동연장회사채AA-이상액티브,ACE,KR_CORPORATE,KR,1.0,none
0113D0,TIME 글로벌탑픽액티브,TIME,MSCI_WORLD,GLOBAL,1.0,unhedged
0100K0,KODEX 방산TOP10레버리지,KODEX,KR_DEFENSE,KR,2.0,none
453330,RISE 미국S&P500(H),RISE,SP500,US,1.0,hedge
0022T0,SOL 국제금커버드콜액티브,SOL,GOLD,COMMODITY,1.0,unhedged
122090,PLUS 코스피50,PLUS,KOSPI,KR,1.0,none
412770,TIGER 글로벌AI플랫폼액티브,TIGER,US_AI,GLOBAL,1.0,unhedged
337160,KODEX 200ESG,KODEX,KOSPI200,KR,1.0,none
460960,ACE 글로벌인컴TOP10,ACE,MSCI_WORLD,GLOBAL,1.0,unhedged
440910,WON 미국우주항공방산,WON,AEROSPACE,US,1.0,unhedged
332940,HANARO MSCI Korea TR,HANARO,KOSPI200,KR,1.0,none
210780,TIGER 코스피고배당,TIGER,KOSPI,KR,1.0,none
269540,PLUS 미국S&P500(H),PLUS,SP500,US,1.0,hedge
0089C0,KODEX 미국S&P500변동성확대시커버드콜,KODEX,US_COVERED_CALL,US,1.0,unhedged
228800,TIGER 여행레저,TIGER,KR_CULTURE,KR,1.0,none
108450,ACE 삼성그룹섹터가중,ACE,KR_CONGLOMERATE,KR,1.0,none
304780,HANARO 200선물레버리지,HANARO,KOSPI200,KR,2.0,none
476750,ACE 미국30년국채엔화노출액티브(H),ACE,US_TREASURY_30Y,US,1.0,hedge
461500,HANARO 종합채권(AA-이상)액티브,HANARO,KR_BOND_AGGREGATE,KR,1.0,none
329670,KODEX TRF7030,KODEX,ASSET_ALLOCATION,GLOBAL,1.0,unhedged
475300,SOL 반도체전공정,SOL,KR_SEMICONDUCTOR,KR,1.0,none
0049M0,ACE 미국배당퀄리티+커버드콜액티브,ACE,US_COVERED_CALL,US,1.0,unhedged
326240,RISE IT플러스,RISE,KR_TECH,KR,1.0,none
433970,KODEX TDF2030액티브,KODEX,TDF,KR,1.0,none
401470,KODEX 메타버스액티브,KODEX,METAVERSE,KR,1.0,none
475310,SOL 반도체후공정,SOL,KR_SEMICONDUCTOR,KR,1.0,none
476030,SOL 미국나스닥100,SOL,NASDAQ100,US,1.0,unhedged
0154F0,WON 초대형IB&금융지주,WON,KR_FINANCIALS,KR,1.0,none
0000Z0,RISE 바이오TOP10액티브,RISE,KR_BIO,KR,1.0,none
0026E0,KODEX 미국S&P500버퍼3월액티브,KODEX,US_COVERED_CALL,US,1.0,unhedged
461460,PLUS 국고채10년액티브,PLUS,KR_TREASURY_10Y,KR,1.0,none
476850,KoAct 배당성장액티브,KoAct,KR_DIVIDEND,KR,1.0,none
457990,PLUS 태양광&ESS,PLUS,CLEAN_ENERGY,KR,1.0,none
494330,ACE 라이프자산주주가치액티브,ACE,KR_VALUE,KR,1.0,none
261240,KODEX 미국달러선물,KODEX,USD,CURRENCY,1.0,unhedged
475280,ACE 8월만기자동연장회사채AA-이상액티브,ACE,KR_CORPORATE,KR,1.0,none
252400,RISE 200선물레버리지,RISE,KOSPI200,KR,2.0,none
485690,RISE 미국AI밸류체인TOP3Plus,RISE,US_AI,US,1.0,unhedged
465330,RISE 2차전지TOP10,RISE,KR_BATTERY,KR,1.0,none
282000,RISE 국고채3년선물인버스,RISE,KR_TREASURY_3Y,KR,-1.0,none
445150,KODEX 친환경조선해운액티브,KODEX,KR_SHIPBUILDING,KR,1.0,none
415920,PLUS 글로벌희토류&전략자원생산기업,PLUS,RARE_EARTH,GLOBAL,1.0,unhedged
475350,RISE 버크셔포트폴리오TOP10,RISE,SP500,US,1.0,unhedged
0007N0,아이엠에셋 200,아이엠에셋,KOSPI200,KR,1.0,none
491700,HK 200,HK,KOSPI200,KR,1.0,none
419890,KIWOOM 단기채권ESG액티브,KIWOOM,KR_MONEY_MARKET,KR,1.0,none
496770,PLUS 글로벌방산,PLUS,US_DEFENSE,GLOBAL,1.0,unhedged
272910,ACE 중장기국공채액티브,ACE,KR_TREASURY,KR,1.0,none
440640,ACE 단기채권알파액티브,ACE,KR_MONEY_MARKET,KR,1.0,none
316670,KIWOOM 코스닥150,KIWOOM,KOSDAQ150,KR,1.0,none
456680,TIGER 차이나전기차레버리지(합성),TIGER,CHINA,CHINA,2.0,unhedged
261270,KODEX 미국달러선물인버스,KODEX,USD,CURRENCY,-1.0,unhedged
252650,KODEX 200동일가중,KODEX,KOSPI200,KR,1.0,none
0008T0,SOL 화장품TOP3플러스,SOL,KR_BEAUTY,KR,1.0,none
488720,WON 종합채권(AA-이상)액티브,WON,KR_BOND_AGGREGATE,KR,1.0,none
395290,HANARO Fn K-POP&미디어,HANARO,KR_CULTURE,KR,1.0,none
150460,TIGER 중국소비테마,TIGER,CHINA,CHINA,1.0,unhedged
0021E0,ACE TDF2050액티브,ACE,TDF,KR,1.0,none
444490,WON 미국S&P500,WON,SP500,US,1.0,unhedged
0142D0,TIGER 미국AI데이터센터TOP4Plus,TIGER,US_AI,US,1.0,unhedged
486240,DAISHIN343 AI반도체&인프라액티브,DAISHIN343,KR_SEMICONDUCTOR,KR,1.0,none
453080,KIWOOM 미국나스닥100(H),KIWOOM,NASDAQ100,US,1.0,hedge
271050,KODEX WTI원유선물인버스(H),KODEX,OIL,COMMODITY,-1.0,hedge
463680,KODEX 미국S&P500테크놀로지,KODEX,SP500_TECH,US,1.0,unhedged
139320,TIGER 금은선물(H),TIGER,GOLD,COMMODITY,1.0,hedge
495040,PLUS 코리아밸류업,PLUS,KR_VALUEUP,KR,1.0,none
453640,KODEX 미국S&P500헬스케어,KODEX,SP500_HEALTHCARE,US,1.0,unhedged
450910,SOL 코스닥150,SOL,KOSDAQ150,KR,1.0,none
0123S0,HANARO 26-12 은행채(AA+이상)액티브,HANARO,KR_TREASURY,KR,1.0,none
0057H0,PLUS 미국S&P500미국채혼합50액티브,PLUS,US_MIXED,US,1.0,unhedged
0000D0,TIGER 엔비디아미국채커버드콜밸런스(합성),TIGER,KR_TREASURY,KR,1.0,none
458030,WON 국공채머니마켓액티브,WON,KR_TREASURY,KR,1.0,none
0139P0,ACE 고배당주,ACE,KR_DIVIDEND,KR,1.0,none
0041D0,KODEX 미국AI소프트웨어TOP10,KODEX,US_AI,US,1.0,unhedged
225040,TIGER 미국S&P500레버리지(합성 H),TIGER,SP500,US,2.0,hedge
275980,TIGER 글로벌4차산업혁신기술(합성 H),TIGER,TECH_INNOVATION,GLOBAL,1.0,hedge
114470,KIWOOM 국고채3년,KIWOOM,KR_TREASURY_3Y,KR,1.0,none
400970,TIGER Fn메타버스,TIGER,METAVERSE,KR,1.0,none
0080X0,SOL 미국S&P500미국채혼합50,SOL,US_MIXED,US,1.0,unhedged
473590,ACE 미국주식베스트셀러,ACE,SP500,US,1.0,unhedged
447430,ACE 주주환원가치주액티브,ACE,KR_VALUE,KR,1.0,none
101280,KODEX 일본TOPIX100,KODEX,JAPAN_TOPIX,JAPAN,1.0,unhedged
117700,KODEX 건설,KODEX,KR_SECTOR,KR,1.0,none
0067V0,TIGER 차이나글로벌리더스TOP3+,TIGER,CHINA,CHINA,1.0,unhedged
306950,KODEX KRX300레버리지,KODEX,KRX300,KR,2.0,none
472830,RISE 미국30년국채커버드콜(합성),RISE,US_TREASURY_30Y,US,1.0,unhedged
292190,KODEX KRX300,KODEX,KRX300,KR,1.0,none
371470,TIGER 차이나바이오테크SOLACTIVE,TIGER,CHINA,CHINA,1.0,unhedged
455960,RISE 미국달러SOFR금리액티브(합성),RISE,USD_SOFR,CURRENCY,1.0,unhedged
298770,KODEX 한국대만IT프리미어,KODEX,KR_TECH,KR,1.0,none
298340,PLUS 국채선물3년,PLUS,KR_TREASURY_3Y,KR,1.0,none
395170,KODEX Top10동일가중,KODEX,KOSPI200,KR,1.0,none
458750,TIGER 미국배당다우존스타겟커버드콜1호,TIGER,DJ_US_DIVIDEND,US,1.0,unhedged
337140,KODEX 코스피대형주,KODEX,KOSPI,KR,1.0,none
471780,TIGER 코리아테크액티브,TIGER,KR_TECH,KR,1.0,none
474800,KIWOOM 미국원유에너지기업,KIWOOM,US_ENERGY,US,1.0,unhedged
0068M0,KODEX 미국S&P500버퍼6월액티브,KODEX,US_COVERED_CALL,US,1.0,unhedged
498860,RISE 코리아금융고배당,RISE,KR_DIVIDEND,KR,1.0,none
487750,BNK 온디바이스AI,BNK,KR_AI,KR,1.0,none
123310,TIGER 인버스,TIGER,KOSPI200,KR,-1.0,none
434960,DAISHIN343 K200,DAISHIN343,KOSPI200,KR,1.0,none
365000,TIGER 인터넷TOP10,TIGER,KR_TECH,KR,1.0,none
0007G0,PLUS 글로벌원자력밸류체인,PLUS,US_NUCLEAR,GLOBAL,1.0,unhedged
139220,TIGER 200 건설,TIGER,KOSPI200,KR,1.0,none
0041E0,KODEX 미국S&P500액티브,KODEX,SP500,US,1.0,unhedged
139660,KIWOOM 미국달러선물인버스,KIWOOM,USD,CURRENCY,-1.0,unhedged
352540,KODEX 일본부동산리츠(H),KODEX,JAPAN_REIT,JAPAN,1.0,hedge
452250,ACE 미국30년국채선물레버리지(합성 H),ACE,US_TREASURY_30Y,US,2.0,hedge
365040,TIGER AI코리아그로스액티브,TIGER,KR_AI,KR,1.0,none
252710,TIGER 200선물인버스2X,TIGER,KOSPI200,KR,-2.0,none
0005G0,ITF K-AI반도체코어테크,ITF,KR_SEMICONDUCTOR,KR,1.0,none
0104H0,KoAct 미국나스닥채권혼합50액티브,KoAct,US_MIXED,US,1.0,unhedged
464470,PLUS 미국채30년액티브,PLUS,US_TREASURY_30Y,US,1.0,unhedged
455660,ACE 미국하이일드액티브(H),ACE,US_CORPORATE,US,1.0,hedge
278620,PLUS 단기채권액티브,PLUS,KR_MONEY_MARKET,KR,1.0,none
426150,WON 대한민국국고채액티브,WON,KR_TREASURY,KR,1.0,none
465350,RISE 2차전지TOP10인버스(합성),RISE,KR_BATTERY,KR,-1.0,none
139280,TIGER 경기방어,TIGER,KR_SECTOR,KR,1.0,none
0113P0,HK 머니마켓액티브,HK,KR_MONEY_MARKET,KR,1.0,none
140700,KODEX 보험,KODEX,KR_SECTOR,KR,1.0,none
495750,HANARO 코리아밸류업,HANARO,KR_VALUEUP,KR,1.0,none
449770,KIWOOM 미국S&P500,KIWOOM,SP500,US,1.0,unhedged
266370,KODEX IT,KODEX,KR_TECH,KR,1.0,none
266360,KODEX K콘텐츠,KODEX,KR_CULTURE,KR,1.0,none
0046Y0,ACE 미국배당퀄리티,ACE,US_DIVIDEND,US,1.0,unhedged
138910,KODEX 구리선물(H),KODEX,COPPER,COMMODITY,1.0,hedge
486830,HANARO 머니마켓액티브,HANARO,KR_MONEY_MARKET,KR,1.0,none
480310,TIGER 글로벌온디바이스AI,TIGER,US_AI,GLOBAL,1.0,unhedged
475260,ACE 2월만기자동연장회사채AA-이상액티브,ACE,KR_CORPORATE,KR,1.0,none
277640,TIGER 코스피대형주,TIGER,KOSPI,KR,1.0,none
0152E0,SOL 배당성향탑픽액티브,SOL,KR_DIVIDEND,KR,1.0,none
218420,KODEX 미국S&P500에너지(합성),KODEX,SP500_ENERGY,US,1.0,unhedged
292560,TIGER 일본엔선물,TIGER,JPY,CURRENCY,1.0,unhedged
0098Z0,FOCUS 200,FOCUS,KOSPI200,KR,1.0,none
256750,KODEX 차이나심천ChiNext(합성),KODEX,CHINA_STAR50,CHINA,1.0,unhedged
200030,KODEX 미국S&P500산업재(합성),KODEX,SP500,US,1.0,unhedged
104530,KIWOOM 고배당,KIWOOM,KR_DIVIDEND,KR,1.0,none
0118S0,SOL 미국넥스트테크TOP10액티브,SOL,US_TECH,US,1.0,unhedged
461580,TIGER 코스닥글로벌,TIGER,KOSDAQ150,KR,1.0,none
438560,SOL 국고채3년,SOL,KR_TREASURY_3Y,KR,1.0,none
174360,RISE 중국본토대형주CSI100,RISE,CHINA_CSI300,CHINA,1.0,unhedged
448570,FOCUS AI코리아액티브,FOCUS,KR_AI,KR,1.0,none
322400,HANARO e커머스,HANARO,KR_TECH,KR,1.0,none
375770,KODEX 탄소효율그린뉴딜,KODEX,CLEAN_ENERGY,KR,1.0,none
476690,TIGER 글로벌비만치료제TOP2Plus,TIGER,US_BIO,GLOBAL,1.0,unhedged
469060,RISE 미국반도체NYSE,RISE,US_SEMICONDUCTOR,US,1.0,unhedged
407830,에셋플러스 글로벌플랫폼액티브,에셋플러스,MSCI_WORLD,GLOBAL,1.0,unhedged
410870,TIME K컬처액티브,TIME,KR_CULTURE,KR,1.0,none
0150K0,KoAct 수소전력ESS인프라액티브,KoAct,HYDROGEN,GLOBAL,1.0,unhedged
440650,ACE 미국달러단기채권액티브,ACE,US_TREASURY,US,1.0,unhedged
475270,ACE 5월만기자동연장회사채AA-이상액티브,ACE,KR_CORPORATE,KR,1.0,none
479850,HANARO K-뷰티,HANARO,KR_BEAUTY,KR,1.0,none
476070,KODEX 글로벌비만치료제TOP2 Plus,KODEX,US_BIO,GLOBAL,1.0,unhedged
0094M0,RISE 코리아밸류업위클리고정커버드콜,RISE,KR_VALUEUP,KR,1.0,none
139270,TIGER 200 금융,TIGER,KOSPI200,KR,1.0,none
322410,HANARO K고배당,HANARO,KR_DIVIDEND,KR,1.0,none
491220,PLUS 200TR,PLUS,KOSPI200,KR,1.0,none
433880,PLUS TDF2060액티브,PLUS,TDF,KR,1.0,none
276990,KODEX 글로벌로봇(합성),KODEX,US_ROBOT,GLOBAL,1.0,unhedged
225130,ACE 골드선물 레버리지(합성 H),ACE,GOLD,COMMODITY,2.0,hedge
099140,KODEX 차이나H,KODEX,CHINA_HSCEI,CHINA,1.0,unhedged
122260,KIWOOM 통안채1년,KIWOOM,KR_TREASURY,KR,1.0,none
261060,TIGER 코스닥150IT,TIGER,KOSDAQ150,KR,1.0,none
152500,ACE 레버리지,ACE,KOSDAQ150,KR,2.0,none
453650,KODEX 미국S&P500금융,KODEX,SP500_FINANCIALS,US,1.0,unhedged
336160,RISE 금융채액티브,RISE,KR_TREASURY,KR,1.0,none
489290,WON 미국빌리어네어,WON,SP500,US,1.0,unhedged
0083S0,1Q 미국메디컬AI,1Q,US_BIO,US,1.0,unhedged
437070,KODEX 아시아달러채권ESG플러스액티브,KODEX,ASIA_BOND,GLOBAL,1.0,unhedged
152380,KODEX 국채선물10년,KODEX,KR_TREASURY_10Y,KR,1.0,none
428510,KODEX 차이나AI테크액티브,KODEX,CHINA,CHINA,1.0,unhedged
0020H0,KoAct 글로벌양자컴퓨팅액티브,KoAct,QUANTUM,GLOBAL,1.0,unhedged
419430,KODEX 차이나2차전지MSCI(합성),KODEX,CHINA,CHINA,1.0,unhedged
245360,TIGER 차이나HSCEI,TIGER,CHINA_HSCEI,CHINA,1.0,unhedged
261140,TIGER 우선주,TIGER,KOSPI200,KR,1.0,none
453950,TIGER TSMC파운드리밸류체인,TIGER,KR_GLOBAL_VALUECHAIN,GLOBAL,1.0,unhedged
461600,SOL 미국30년국채액티브(H),SOL,US_TREASURY_30Y,US,1.0,hedge
429760,PLUS 미국S&P500,PLUS,SP500,US,1.0,unhedged
0104P0,TIGER 코리아배당다우존스위클리커버드콜,TIGER,DJ_US_DIVIDEND,US,1.0,unhedged
0093D0,KoAct 팔란티어밸류체인액티브,KoAct,KR_GLOBAL_VALUECHAIN,GLOBAL,1.0,unhedged
385590,ACE ESG액티브,ACE,KR_ESG,KR,1.0,none
364990,TIGER 게임TOP10,TIGER,KR_CULTURE,KR,1.0,none
475070,KoAct 글로벌친환경전력인프라액티브,KoAct,CLEAN_ENERGY,GLOBAL,1.0,unhedged
276970,KODEX 미국S&P500배당귀족커버드콜(합성 H),KODEX,SP500_DIVIDEND_ARISTOCRAT,US,1.0,hedge
261250,KODEX 미국달러선물레버리지,KODEX,USD,CURRENCY,2.0,unhedged
495940,RISE 미국AI테크액티브,RISE,US_AI,US,1.0,unhedged
253150,PLUS 200선물레버리지,PLUS,KOSPI200,KR,2.0,none
0013R0,RISE 테슬라미국채타겟커버드콜혼합(합성),RISE,KR_TREASURY,KR,1.0,none
414270,ACE 글로벌자율주행액티브,ACE,AUTONOMOUS,GLOBAL,1.0,unhedged
468630,KODEX iShares미국투자등급회사채액티브,KODEX,US_CORPORATE,US,1.0,unhedged
0040S0,HANARO 글로벌피지컬AI액티브,HANARO,US_AI,GLOBAL,1.0,unhedged
461340,HANARO 글로벌생성형AI액티브,HANARO,US_AI,GLOBAL,1.0,unhedged
0104G0,PLUS K방산레버리지,PLUS,KR_DEFENSE,KR,2.0,none
140950,파워 코스피100,파워,KOSPI200,KR,1.0,none
363510,SOL KIS단기통안채,SOL,KR_TREASURY,KR,1.0,none
300950,KODEX 게임산업,KODEX,KR_CULTURE,KR,1.0,none
195930,TIGER 유로스탁스50(합성 H),TIGER,EUROPE,EUROPE,1.0,hedge
196030,ACE 일본TOPIX레버리지(H),ACE,JAPAN_TOPIX,JAPAN,2.0,hedge
253250,KIWOOM 200선물레버리지,KIWOOM,KOSPI200,KR,2.0,none
0047R0,RISE 팔란티어고정테크100,RISE,KR_MIXED_STOCK_BOND,KR,1.0,none
238720,ACE 일본Nikkei225(H),ACE,JAPAN_NIKKEI225,JAPAN,1.0,hedge
0141S0,SOL 조선기자재,SOL,KR_SHIPBUILDING,KR,1.0,none
305050,ACE 코스피,ACE,KOSPI,KR,1.0,none
442260,마이티 다이나믹퀀트액티브,마이티,KOSPI200,KR,1.0,none
0155M0,ACE 미국SMR원자력TOP10,ACE,US_NUCLEAR,US,1.0,unhedged
388280,RISE K엔터&여행레저,RISE,KR_CULTURE,KR,1.0,none
204450,KODEX 차이나H레버리지(H),KODEX,CHINA_HSCEI,CHINA,2.0,hedge
0065G0,KODEX 차이나테크TOP10,KODEX,CHINA,CHINA,1.0,unhedged
0137V0,KIWOOM 미국S&P500모멘텀,KIWOOM,SP500,US,1.0,unhedged
117460,KODEX 에너지화학,KODEX,KR_SECTOR,KR,1.0,none
418670,TIGER 글로벌AI사이버보안,TIGER,US_AI,GLOBAL,1.0,unhedged
241390,RISE V&S셀렉트밸류채권혼합,RISE,KR_MIXED_STOCK_BOND,KR,1.0,none
352560,KODEX 미국부동산리츠(H),KODEX,US_REIT,US,1.0,hedge
0144M0,KODEX 미국드론UAM TOP10,KODEX,AEROSPACE,US,1.0,unhedged
130680,TIGER 원유선물Enhanced(H),TIGER,OIL,COMMODITY,1.0,hedge
487130,KoAct AI인프라액티브,KoAct,KR_AI,KR,1.0,none
475380,RISE 글로벌리얼티인컴,RISE,US_REIT,GLOBAL,1.0,unhedged
385520,KODEX 자율주행액티브,KODEX,AUTONOMOUS,KR,1.0,none
449780,KIWOOM 미국S&P500(H),KIWOOM,SP500,US,1.0,hedge
256440,ACE MSCI인도네시아(합성),ACE,MSCI_EM,GLOBAL,1.0,unhedged
368190,HANARO Fn K-뉴딜디지털플러스,HANARO,KR_TECH,KR,1.0,none
292770,KODEX 국채선물3년인버스,KODEX,KR_TREASURY_3Y,KR,-1.0,none
461450,KODEX 코스닥글로벌,KODEX,KOSDAQ150,KR,1.0,none
219390,RISE 미국S&P원유생산기업(합성 H),RISE,SP500_ENERGY,US,1.0,hedge
479620,SOL 미국AI반도체칩메이커,SOL,US_AI,US,1.0,unhedged
275300,KODEX 우량주,KODEX,KOSPI200,KR,1.0,none
227540,TIGER 200 헬스케어,TIGER,KOSPI200,KR,1.0,none
493420,SOL 미국배당다우존스2호,SOL,DJ_US_DIVIDEND,US,1.0,unhedged
0141T0,SOL 중기종합채권(AA-이상)액티브,SOL,KR_BOND_AGGREGATE,KR,1.0,none
304770,HANARO 코스닥150,HANARO,KOSDAQ150,KR,1.0,none
261120,TIGER 미국달러선물인버스2X,TIGER,USD,CURRENCY,-2.0,unhedged
280930,KODEX 미국러셀2000(H),KODEX,RUSSELL2000,US,1.0,hedge
287180,PLUS 미국나스닥테크,PLUS,NASDAQ100,US,1.0,unhedged
156080,KODEX MSCI Korea,KODEX,KOSPI200,KR,1.0,none
248270,TIGER S&P글로벌헬스케어(합성),TIGER,SP500_HEALTHCARE,US,1.0,unhedged
491090,KODEX 미국테크TOP3플러스,KODEX,US_TECH,US,1.0,unhedged
147970,TIGER 모멘텀,TIGER,KOSPI200,KR,1.0,none
0084E0,KIWOOM 미국대형주500월간목표헤지액티브,KIWOOM,SP500,US,1.0,hedge
459560,KODEX 테슬라밸류체인FactSet,KODEX,KR_GLOBAL_VALUECHAIN,GLOBAL,1.0,unhedged
360150,KODEX 코스닥150롱코스피200숏선물,KODEX,KOSPI200,KR,1.0,none
360140,KODEX 200롱코스닥150숏선물,KODEX,KOSDAQ150,KR,1.0,none
409810,KODEX 미국나스닥100선물인버스(H),KODEX,NASDAQ100,US,-1.0,hedge
473490,KIWOOM 글로벌AI반도체,KIWOOM,US_AI,GLOBAL,1.0,unhedged
0097L0,KIWOOM 한국고배당&미국AI테크,KIWOOM,US_AI,US,1.0,unhedged
0023B0,PLUS 미국양자컴퓨팅TOP10,PLUS,QUANTUM,US,1.0,unhedged
459750,RISE 글로벌주식분산액티브,RISE,MSCI_WORLD,GLOBAL,1.0,unhedged
192720,파워 고배당저변동성,파워,KR_DIVIDEND,KR,1.0,none
0138T0,RISE 미국S&P500데일리고정커버드콜,RISE,SP500,US,1.0,unhedged
245350,TIGER 유로스탁스배당30,TIGER,EUROPE,EUROPE,1.0,unhedged
0162L0,KODEX 차이나AI반도체TOP10,KODEX,CHINA,CHINA,1.0,unhedged
139250,TIGER 200 에너지화학,TIGER,KOSPI200,KR,1.0,none
476260,HANARO 반도체핵심공정주도주,HANARO,KR_SEMICONDUCTOR,KR,1.0,none
0112X0,마이티 200TR,마이티,KOSPI200,KR,1.0,none
438320,TIGER 차이나항셍테크레버리지(합성 H),TIGER,CHINA_HSCEI,CHINA,2.0,hedge
271060,KODEX 3대농산물선물(H),KODEX,AGRICULTURE,COMMODITY,1.0,hedge
437350,RISE 미국단기투자등급회사채액티브,RISE,US_CORPORATE,US,1.0,unhedged
477730,KODEX 인도타타그룹,KODEX,INDIA,INDIA,1.0,unhedged
167860,KIWOOM 국고채10년레버리지,KIWOOM,KR_TREASURY_10Y,KR,2.0,none
494410,PLUS 미국S&P500성장주,PLUS,SP500,US,1.0,unhedged
471460,KIWOOM 국고채30년액티브,KIWOOM,KR_TREASURY_30Y,KR,1.0,none
300640,RISE 게임테마,RISE,KR_CULTURE,KR,1.0,none
276650,RISE 글로벌테크놀로지(합성 H),RISE,TECH_INNOVATION,GLOBAL,1.0,hedge
138230,KIWOOM 미국달러선물,KIWOOM,USD,CURRENCY,1.0,unhedged
105780,RISE 5대그룹주,RISE,KR_CONGLOMERATE,KR,1.0,none
0107F0,KIWOOM 미국고배당&AI테크,KIWOOM,US_DIVIDEND,US,1.0,unhedged
497780,KoAct 미국천연가스인프라액티브,KoAct,US_ENERGY,US,1.0,unhedged
481340,RISE 미국30년국채액티브,RISE,US_TREASURY_30Y,US,1.0,unhedged
0155N0,HANARO K휴머노이드테마TOP10,HANARO,KR_ROBOT,KR,1.0,none
100910,KIWOOM KRX100,KIWOOM,KRX300,KR,1.0,none
449690,TIGER 한중반도체(합성),TIGER,KR_SEMICONDUCTOR,KR,1.0,none
0103T0,1Q K소버린AI,1Q,KR_AI,KR,1.0,none
442560,RISE TDF2040액티브,RISE,TDF,KR,1.0,none
117680,KODEX 철강,KODEX,KR_SECTOR,KR,1.0,none
0088N0,WON K-글로벌수급상위,WON,KOSPI200,KR,1.0,none
269420,KODEX S&P글로벌인프라(합성),KODEX,INFRASTRUCTURE,GLOBAL,1.0,unhedged
153270,KIWOOM 코스피100,KIWOOM,KOSPI,KR,1.0,none
411540,SOL 200 Top10,SOL,KOSPI200,KR,1.0,none
387270,TIGER 글로벌이노베이션액티브,TIGER,TECH_INNOVATION,GLOBAL,1.0,unhedged
284980,RISE 200금융,RISE,KOSPI200,KR,1.0,none
0137W0,KIWOOM 미국S&P500&GOLD,KIWOOM,SP500,US,1.0,unhedged
415760,SOL 차이나육성산업액티브(합성),SOL,CHINA,CHINA,1.0,unhedged
459790,KIWOOM 미국성장기업30액티브,KIWOOM,RUSSELL2000,US,1.0,unhedged
0153X0,PLUS 미국고배당주액티브,PLUS,US_DIVIDEND,US,1.0,unhedged
275280,KODEX 모멘텀주,KODEX,KOSPI200,KR,1.0,none
183700,RISE 채권혼합,RISE,KR_MIXED_STOCK_BOND,KR,1.0,none
483420,ACE 애플밸류체인액티브,ACE,KR_GLOBAL_VALUECHAIN,GLOBAL,1.0,unhedged
415340,KODEX 차이나과창판STAR50(합성),KODEX,CHINA_STAR50,CHINA,1.0,unhedged
483240,TIGER 미국나스닥100ETF선물,TIGER,NASDAQ100,US,1.0,unhedged
472840,ITF 200,ITF,KOSPI200,KR,1.0,none
272570,RISE 중장기국공채액티브,RISE,KR_TREASURY,KR,1.0,none
0036D0,TIME 미국배당다우존스액티브,TIME,DJ_US_DIVIDEND,US,1.0,unhedged
195970,PLUS 선진국MSCI(합성 H),PLUS,MSCI_WORLD,GLOBAL,1.0,hedge
483570,KCGI 미국S&P500 TOP10,KCGI,SP500,US,1.0,unhedged
460660,RISE 미국S&P배당킹,RISE,SP500_DIVIDEND,US,1.0,unhedged
289480,TIGER 200커버드콜,TIGER,KOSPI200,KR,1.0,none
226980,KODEX 200 중소형,KODEX,KOSPI200,KR,1.0,none
491830,TIGER 미국AI반도체팹리스,TIGER,US_AI,US,1.0,unhedged
253290,RISE 헬스케어채권혼합,RISE,KR_BIO,KR,1.0,none
223190,KODEX 200가치저변동,KODEX,KOSPI200,KR,1.0,none
407310,HANARO 200 TOP10,HANARO,KOSPI200,KR,1.0,none
252000,TIGER 200동일가중,TIGER,KOSPI200,KR,1.0,none
396510,TIGER 차이나클린에너지SOLACTIVE,TIGER,CHINA,CHINA,1.0,unhedged
138530,TIGER LG그룹플러스,TIGER,KR_CONGLOMERATE,KR,1.0,none
236350,TIGER 인도니프티50레버리지(합성),TIGER,INDIA_NIFTY50,INDIA,2.0,unhedged
371150,RISE 차이나항셍테크,RISE,CHINA_HSCEI,CHINA,1.0,unhedged
332620,PLUS 미국장기우량회사채,PLUS,US_CORPORATE,US,1.0,unhedged
463300,RISE 중국본토CSI300,RISE,CHINA_CSI300,CHINA,1.0,unhedged
0067Y0,TIGER 차이나AI소프트웨어,TIGER,CHINA,CHINA,1.0,unhedged
145850,TREX 펀더멘탈 200,TREX,KOSPI200,KR,1.0,none
442090,에셋플러스 코리아대장장이액티브,에셋플러스,KOSPI200,KR,1.0,none
445690,BNK 주주가치액티브,BNK,KR_VALUE,KR,1.0,none
465660,TIGER 일본반도체FACTSET,TIGER,JAPAN_TOPIX,JAPAN,1.0,unhedged
489000,PLUS 일본엔화초단기국채(합성),PLUS,KR_TREASURY,KR,1.0,none
450190,KODEX 한중반도체(합성),KODEX,KR_SEMICONDUCTOR,KR,1.0,none
275290,KODEX 가치주,KODEX,KOSPI200,KR,1.0,none
277540,ACE 아시아TOP50,ACE,MSCI_EM,GLOBAL,1.0,unhedged
457690,KODEX 33-06 국고채액티브,KODEX,KR_TREASURY,KR,1.0,none
446690,KODEX 아시아AI반도체exChina액티브,KODEX,US_SEMICONDUCTOR,GLOBAL,1.0,unhedged
091220,TIGER 은행,TIGER,KR_SECTOR,KR,1.0,none
169950,KODEX 차이나A50,KODEX,CHINA,CHINA,1.0,unhedged
0089B0,PLUS 미국나스닥100미국채혼합50,PLUS,US_MIXED,US,1.0,unhedged
0047P0,RISE 테슬라고정테크100,RISE,KR_MIXED_STOCK_BOND,KR,1.0,none
417630,TIGER KEDI혁신기업ESG30,TIGER,KR_ESG,KR,1.0,none
371450,TIGER 글로벌클라우드컴퓨팅INDXX,TIGER,TECH_INNOVATION,GLOBAL,1.0,unhedged
419650,PLUS 글로벌수소&차세대연료전지,PLUS,HYDROGEN,GLOBAL,1.0,unhedged
433220,에셋플러스 글로벌대장장이액티브,에셋플러스,MSCI_WORLD,GLOBAL,1.0,unhedged
385600,ACE 2차전지&친환경차액티브,ACE,KR_BATTERY,KR,1.0,none
464920,PLUS 일본반도체소부장,PLUS,JAPAN_TOPIX,JAPAN,1.0,unhedged
0049K0,ACE 미국배당퀄리티채권혼합50,ACE,US_COVERED_CALL,US,1.0,unhedged
102960,KODEX 기계장비,KODEX,KR_SECTOR,KR,1.0,none
185680,KODEX 미국S&P바이오(합성),KODEX,SP500_BIO,US,1.0,unhedged
496120,ACE 코리아밸류업,ACE,KR_VALUEUP,KR,1.0,none
391670,HK 베스트일레븐액티브,HK,KOSPI200,KR,1.0,none
440340,TIGER 글로벌멀티에셋TIF액티브,TIGER,MSCI_WORLD,GLOBAL,1.0,unhedged
387280,TIGER 퓨처모빌리티액티브,TIGER,AUTONOMOUS,GLOBAL,1.0,unhedged
0051A0,KoAct 브로드컴밸류체인액티브,KoAct,KR_GLOBAL_VALUECHAIN,GLOBAL,1.0,unhedged
445910,TIGER MKF배당귀족,TIGER,KR_DIVIDEND,KR,1.0,none
404260,KODEX 기후변화솔루션,KODEX,CLEAN_ENERGY,KR,1.0,none
448490,HANARO 32-10 국고채액티브,HANARO,KR_TREASURY,KR,1.0,none
292500,SOL KRX300,SOL,KRX300,KR,1.0,none
0015F0,KIWOOM 팔란티어미국30년국채혼합액티브(H),KIWOOM,US_TREASURY_30Y,US,1.0,hedge
469790,KIWOOM K-테크TOP10,KIWOOM,KR_TECH,KR,1.0,none
292160,TIGER KRX300,TIGER,KRX300,KR,1.0,none
491510,파워 K-주주가치액티브,파워,KR_VALUE,KR,1.0,none
468370,KODEX iShares미국인플레이션국채액티브,KODEX,US_CORPORATE,US,1.0,unhedged
477490,에셋플러스 글로벌일등기업포커스10액티브,에셋플러스,MSCI_WORLD,GLOBAL,1.0,unhedged
0153P0,ACE 리츠부동산인프라액티브,ACE,KR_REIT,KR,1.0,none
364690,KODEX 혁신기술테마액티브,KODEX,TECH_INNOVATION,KR,1.0,none
498050,HANARO 바이오코리아액티브,HANARO,KR_BIO,KR,1.0,none
159800,마이티 코스피100,마이티,KOSPI200,KR,1.0,none
453820,KODEX 인도Nifty50레버리지(합성),KODEX,INDIA_NIFTY50,INDIA,2.0,unhedged
453630,KODEX 미국S&P500필수소비재,KODEX,SP500_STAPLES,US,1.0,unhedged
213630,PLUS 미국다우존스고배당주(합성 H),PLUS,DJ_US_DIVIDEND,US,1.0,hedge
449580,RISE 테슬라애플아마존채권혼합,RISE,KR_MIXED_STOCK_BOND,KR,1.0,none
276000,TIGER 글로벌자원생산기업(합성 H),TIGER,RARE_EARTH,GLOBAL,1.0,hedge
407820,에셋플러스 코리아플랫폼액티브,에셋플러스,KR_TECH,KR,1.0,none
0115C0,RISE 미국고배당다우존스TOP10,RISE,DJ_US_DIVIDEND,US,1.0,unhedged
0028X0,KODEX 미국금융테크액티브,KODEX,SP500_FINANCIALS,US,1.0,unhedged
376410,TIGER 탄소효율그린뉴딜,TIGER,CLEAN_ENERGY,KR,1.0,none
461910,PLUS 미국테크TOP10레버리지(합성),PLUS,US_TECH,US,2.0,unhedged
453010,PLUS KOFR금리,PLUS,KR_MONEY_MARKET,KR,1.0,none
250730,RISE 차이나HSCEI(H),RISE,CHINA_HSCEI,CHINA,1.0,hedge
375760,HANARO 탄소효율그린뉴딜,HANARO,CLEAN_ENERGY,KR,1.0,none
469050,RISE 미국반도체NYSE(H),RISE,US_SEMICONDUCTOR,US,1.0,hedge
301400,PLUS 코스닥150,PLUS,KOSDAQ150,KR,1.0,none
337150,KODEX 200exTOP,KODEX,KOSPI200,KR,1.0,none
461900,PLUS 미국테크TOP10,PLUS,US_TECH,US,1.0,unhedged
494420,PLUS 미국배당증가성장주데일리커버드콜,PLUS,US_COVERED_CALL,US,1.0,unhedged
447660,PLUS 애플채권혼합,PLUS,KR_MIXED_STOCK_BOND,KR,1.0,none
0021D0,ACE TDF2030액티브,ACE,TDF,KR,1.0,none
239660,PLUS 우량회사채50,PLUS,KR_CORPORATE,KR,1.0,none
0013P0,RISE 미국은행TOP10,RISE,US_FINANCIALS,US,1.0,unhedged
289040,KODEX MSCI KOREA ESG유니버설,KODEX,KOSPI200,KR,1.0,none
291130,ACE MSCI멕시코(합성),ACE,MSCI_EM,GLOBAL,1.0,unhedged
438900,HANARO Fn K-푸드,HANARO,KR_CULTURE,KR,1.0,none
0090B0,PLUS K방산소부장,PLUS,KR_DEFENSE,KR,1.0,none
400570,KODEX 유럽탄소배출권선물ICE(H),KODEX,CARBON,COMMODITY,1.0,hedge
337120,KODEX 멀티팩터,KODEX,KOSPI200,KR,1.0,none
108590,TREX 200,TREX,KOSPI200,KR,1.0,none
300610,TIGER K게임,TIGER,KR_CULTURE,KR,1.0,none
0086C0,TIGER 리츠부동산인프라10채권혼합액티브,TIGER,KR_REIT,KR,1.0,none
0001P0,마이티 바이오시밀러&CDMO액티브,마이티,KR_BIO,KR,1.0,none
463640,KODEX 미국S&P500유틸리티,KODEX,SP500_UTILITIES,US,1.0,unhedged
289250,TIGER MSCI KOREA ESG유니버설,TIGER,KOSPI200,KR,1.0,none
265690,ACE 러시아MSCI(합성),ACE,MSCI_EM,GLOBAL,1.0,unhedged
332610,PLUS 미국단기회사채(AAA~A),PLUS,US_CORPORATE,US,1.0,unhedged
0094X0,1Q 샤오미밸류체인액티브,1Q,KR_GLOBAL_VALUECHAIN,GLOBAL,1.0,unhedged
367740,HANARO Fn5G산업,HANARO,KR_TECH,KR,1.0,none
474920,에셋플러스 차이나일등기업포커스10액티브,에셋플러스,CHINA,CHINA,1.0,unhedged
483330,ACE 마이크로소프트밸류체인액티브,ACE,KR_GLOBAL_VALUECHAIN,GLOBAL,1.0,unhedged
464600,SOL 자동차소부장Fn,SOL,KR_AUTO,KR,1.0,none
289260,TIGER MSCI KOREA ESG리더스,TIGER,KOSPI200,KR,1.0,none
354350,HANARO 글로벌럭셔리S&P(합성),HANARO,MSCI_WORLD,GLOBAL,1.0,unhedged
442550,RISE TDF2030액티브,RISE,TDF,KR,1.0,none
292050,RISE KRX300,RISE,KRX300,KR,1.0,none
195920,TIGER 일본TOPIX(합성 H),TIGER,JAPAN_TOPIX,JAPAN,1.0,hedge
0094L0,RISE 차이나테크TOP10위클리타겟커버드콜,RISE,CHINA,CHINA,1.0,unhedged
104520,KIWOOM 블루칩,KIWOOM,KOSPI200,KR,1.0,none
446700,RISE 배터리 리사이클링,RISE,KR_BATTERY,KR,1.0,none
371870,ACE 차이나항셍테크,ACE,CHINA_HSCEI,CHINA,1.0,unhedged
0018Z0,RISE 미국양자컴퓨팅,RISE,QUANTUM,US,1.0,unhedged
229720,KODEX KTOP30,KODEX,KOSPI200,KR,1.0,none
422260,VITA MZ소비액티브,VITA,KR_TECH,KR,1.0,none
0000H0,KODEX 인도Nifty미드캡100,KODEX,INDIA_NIFTY50,INDIA,1.0,unhedged
432840,HANARO 미국S&P500,HANARO,SP500,US,1.0,unhedged
183710,RISE 주식혼합,RISE,KR_MIXED_STOCK_BOND,KR,1.0,none
416090,ACE 중국과창판STAR50,ACE,CHINA_STAR50,CHINA,1.0,unhedged
482030,KoAct 반도체&2차전지핵심소재액티브,KoAct,KR_SEMICONDUCTOR,KR,1.0,none
304760,HANARO KRX300,HANARO,KRX300,KR,1.0,none
469160,ACE 일본반도체,ACE,JAPAN_TOPIX,JAPAN,1.0,unhedged
281990,RISE 중소형고배당,RISE,KR_DIVIDEND,KR,1.0,none
280320,ACE 미국IT인터넷(합성 H),ACE,US_TECH,US,1.0,hedge
385710,TIME K이노베이션액티브,TIME,KR_TECH,KR,1.0,none
266410,KODEX 필수소비재,KODEX,HYDROGEN,KR,1.0,none
404120,TIME K신재생에너지액티브,TIME,CLEAN_ENERGY,KR,1.0,none
494180,TIME 글로벌소비트렌드액티브,TIME,MSCI_WORLD,GLOBAL,1.0,unhedged
381560,HANARO Fn전기&수소차,HANARO,CLEAN_ENERGY,KR,1.0,none
487950,KODEX 대만테크고배당다우존스,KODEX,DJ_US_DIVIDEND,US,1.0,unhedged
227830,PLUS 코스피,PLUS,KOSPI,KR,1.0,none
354240,RISE 미국고정배당우선증권,RISE,US_DIVIDEND,US,1.0,unhedged
457700,KODEX 53-09 국고채액티브,KODEX,KR_TREASURY,KR,1.0,none
0113G0,KoAct 미국바이오헬스케어액티브,KoAct,US_BIO,US,1.0,unhedged
413930,WON AI ESG액티브,WON,KR_ESG,KR,1.0,none
140580,RISE 우량업종대표주,RISE,KOSPI,KR,1.0,none
290080,RISE 200고배당커버드콜ATM,RISE,KOSPI200,KR,1.0,none
0105D0,SOL 한국AI소프트웨어,SOL,KR_AI,KR,1.0,none
417450,RISE 글로벌수소경제,RISE,HYDROGEN,GLOBAL,1.0,unhedged
419420,KODEX 미국클린에너지나스닥,KODEX,CLEAN_ENERGY,US,1.0,unhedged
225060,TIGER 이머징마켓MSCI레버리지(합성 H),TIGER,MSCI_EM,GLOBAL,2.0,hedge
137610,TIGER 농산물선물Enhanced(H),TIGER,AGRICULTURE,COMMODITY,1.0,hedge
464610,SOL 의료기기소부장Fn,SOL,KR_BIO,KR,1.0,none
472720,TRUSTON 주주가치액티브,TRUSTON,KR_VALUE,KR,1.0,none
451600,PLUS 국고채30년액티브,PLUS,KR_TREASURY_30Y,KR,1.0,none
176950,KODEX 국채선물10년인버스,KODEX,KR_TREASURY_10Y,KR,-1.0,none
435040,ACE 글로벌브랜드TOP10,ACE,MSCI_WORLD,GLOBAL,1.0,unhedged
453660,KODEX 미국S&P500경기소비재,KODEX,SP500_DISCRETIONARY,US,1.0,unhedged
0133E0,TIGER 차이나증권,TIGER,CHINA,CHINA,1.0,unhedged
244620,KODEX 모멘텀Plus,KODEX,KOSPI200,KR,1.0,none
0164G0,RISE 차이나AI반도체TOP4Plus,RISE,CHINA,CHINA,1.0,unhedged
0021C0,ACE 장기자산배분액티브,ACE,ASSET_ALLOCATION,GLOBAL,1.0,unhedged
0127V0,KIWOOM 미국S&P500 TOP10&배당다우비중전환,KIWOOM,SP500,US,1.0,unhedged
269370,TIGER S&P글로벌인프라(합성),TIGER,INFRASTRUCTURE,GLOBAL,1.0,unhedged
117690,TIGER 차이나항셍30,TIGER,CHINA_HSCEI,CHINA,1.0,unhedged
485810,TIME 글로벌바이오액티브,TIME,US_BIO,GLOBAL,1.0,unhedged
261110,TIGER 미국달러선물레버리지,TIGER,USD,CURRENCY,2.0,unhedged
428560,KODEX 미국ETF산업Top10 Indxx,KODEX,US_TECH,US,1.0,unhedged
463690,KODEX 미국S&P500커뮤니케이션,KODEX,SP500_COMMUNICATION,US,1.0,unhedged
234310,RISE V&S셀렉트밸류,RISE,KOSPI200,KR,1.0,none
228820,TIGER KTOP30,TIGER,KOSPI200,KR,1.0,none
131890,ACE 삼성그룹동일가중,ACE,KR_CONGLOMERATE,KR,1.0,none
404650,SOL KRX기후변화솔루션,SOL,KRX300,KR,1.0,none
452440,VITA 밸류알파액티브,VITA,KR_TECH,KR,1.0,none
0127T0,KIWOOM 미국S&P500&배당다우존스비중전환,KIWOOM,DJ_US_DIVIDEND,US,1.0,unhedged
484890,SOL 머니마켓액티브,SOL,KR_MONEY_MARKET,KR,1.0,none
465670,TIGER 미국캐시카우100,TIGER,SP500,US,1.0,unhedged
395760,PLUS ESG성장주액티브,PLUS,KR_ESG,KR,1.0,none
0087F0,ACE 차이나AI빅테크TOP2+액티브,ACE,CHINA,CHINA,1.0,unhedged
496130,TRUSTON 코리아밸류업액티브,TRUSTON,KR_VALUEUP,KR,1.0,none
114460,ACE 국고채3년,ACE,KR_TREASURY_3Y,KR,1.0,none
453060,HANARO KOFR금리액티브(합성),HANARO,KR_MONEY_MARKET,KR,1.0,none
456250,KODEX 유럽명품TOP10 STOXX,KODEX,EUROPE,EUROPE,1.0,unhedged
373490,KODEX 코리아혁신성장액티브,KODEX,KR_TECH,KR,1.0,none
140710,KODEX 운송,KODEX,KR_SECTOR,KR,1.0,none
310080,RISE 중국MSCI China(H),RISE,CHINA_CSI300,CHINA,1.0,hedge
395150,KODEX 웹툰&드라마,KODEX,KR_CULTURE,KR,1.0,none
0138D0,RISE 동학개미,RISE,KOSPI200,KR,1.0,none
253280,RISE 헬스케어,RISE,KR_BIO,KR,1.0,none
0047N0,PLUS 차이나AI테크TOP10,PLUS,CHINA,CHINA,1.0,unhedged
0093B0,RISE 엔비디아고정테크100,RISE,KR_MIXED_STOCK_BOND,KR,1.0,unhedged
0127R0,RISE 미국AI클라우드인프라,RISE,US_AI,US,1.0,unhedged
280920,PLUS 주도업종,PLUS,KOSPI,KR,1.0,none
395280,HANARO Fn K-게임,HANARO,KR_CULTURE,KR,1.0,none
251590,PLUS 고배당저변동50,PLUS,KR_DIVIDEND,KR,1.0,none
487910,ACE 인도컨슈머파워액티브,ACE,INDIA,INDIA,1.0,unhedged
430500,KIWOOM 물가채KIS,KIWOOM,KR_TREASURY,KR,1.0,none
0102X0,ACE 유럽방산TOP10,ACE,US_DEFENSE,GLOBAL,1.0,unhedged
451150,에셋플러스 글로벌영에이지액티브,에셋플러스,MSCI_WORLD,GLOBAL,1.0,unhedged
285690,FOCUS ESG리더스,FOCUS,KR_ESG,KR,1.0,none
105010,TIGER 라틴35,TIGER,MSCI_EM,GLOBAL,1.0,unhedged
0120J0,BNK 카카오그룹포커스,BNK,KR_CONGLOMERATE,KR,1.0,none
215620,HK S&P코리아로우볼,HK,KOSPI200,KR,1.0,none
250780,TIGER 코스닥150선물인버스,TIGER,KOSDAQ150,KR,-1.0,none
269530,PLUS S&P글로벌인프라,PLUS,INFRASTRUCTURE,GLOBAL,1.0,unhedged
449680,TIGER 한중전기차(합성),TIGER,KR_AUTO,KR,1.0,none
326230,RISE 내수주플러스,RISE,KOSPI,KR,1.0,none
217770,TIGER 원유선물인버스(H),TIGER,OIL,COMMODITY,-1.0,hedge
379790,RISE 유로스탁스50(H),RISE,EUROPE,EUROPE,1.0,hedge
0008E0,ACE 미국중심중소형제조업,ACE,KOSPI,KR,1.0,none
460270,KIWOOM 미국달러SOFR금리액티브(합성),KIWOOM,USD_SOFR,CURRENCY,1.0,unhedged
225800,KIWOOM 미국달러선물레버리지,KIWOOM,USD,CURRENCY,2.0,unhedged
399580,RISE 글로벌클린에너지,RISE,CLEAN_ENERGY,GLOBAL,1.0,unhedged
480460,WON 한국부동산TOP3플러스,WON,KR_REIT,KR,1.0,none
237440,TIGER 경기방어채권혼합,TIGER,KR_SECTOR,KR,1.0,none
0073X0,FOCUS 알리바바미국채커버드콜혼합,FOCUS,KR_TREASURY,KR,1.0,none
411860,KIWOOM 독일DAX,KIWOOM,EUROPE,EUROPE,1.0,unhedged
375270,RISE 글로벌데이터센터리츠(합성),RISE,US_REIT,GLOBAL,1.0,unhedged
0082F0,HANARO 유럽방산,HANARO,US_DEFENSE,GLOBAL,1.0,unhedged
341850,TIGER 리츠부동산인프라채권,TIGER,KR_REIT,KR,1.0,none
489860,KIWOOM 글로벌전력GRID인프라,KIWOOM,INFRASTRUCTURE,GLOBAL,1.0,unhedged
181480,ACE 미국부동산리츠(합성 H),ACE,US_REIT,US,1.0,hedge
494340,ACE 글로벌AI맞춤형반도체,ACE,US_AI,GLOBAL,1.0,unhedged
266390,KODEX 경기소비재,KODEX,KR_SECTOR,KR,1.0,none
230480,KIWOOM 미국달러선물인버스2X,KIWOOM,USD,CURRENCY,-2.0,unhedged
466810,BNK 2차전지양극재,BNK,KR_BATTERY,KR,1.0,none
166400,TIGER 200커버드콜OTM,TIGER,KOSPI200,KR,1.0,none
0002C0,에셋플러스 인도일등기업포커스20액티브,에셋플러스,INDIA,INDIA,1.0,unhedged
0084D0,KIWOOM 미국테크100월간목표헤지액티브,KIWOOM,US_TECH,US,1.0,unhedged
279540,KODEX 최소변동성,KODEX,KOSPI200,KR,1.0,none
0053M0,더제이 중소형포커스액티브,더제이,KOSPI,KR,1.0,none
0004G0,1Q 미국배당TOP30,1Q,US_DIVIDEND,US,1.0,unhedged
435550,KIWOOM TDF2050액티브,KIWOOM,TDF,KR,1.0,none
0036Z0,RISE 미국천연가스밸류체인,RISE,US_ENERGY,US,1.0,unhedged
483020,KIWOOM 의료AI,KIWOOM,KR_BIO,KR,1.0,none
429740,PLUS K리츠,PLUS,KR_REIT,KR,1.0,none
270800,RISE KQ고배당,RISE,KR_DIVIDEND,KR,1.0,none
497510,ACE 글로벌빅파마,ACE,US_BIO,GLOBAL,1.0,unhedged
487920,ACE 인도시장대표BIG5그룹액티브,ACE,INDIA,INDIA,1.0,unhedged
380340,ACE 코리아AI테크핵심산업,ACE,KR_AI,KR,1.0,none
140570,RISE 수출주,RISE,KOSPI,KR,1.0,none
291630,KIWOOM 코스닥150선물레버리지,KIWOOM,KOSDAQ150,KR,2.0,none
451670,RISE 국채30년레버리지(합성),RISE,KR_TREASURY_30Y,KR,2.0,none
450180,KODEX 한중전기차(합성),KODEX,KR_AUTO,KR,1.0,none
488290,마이다스 일본테크액티브,마이다스,JAPAN_TOPIX,JAPAN,1.0,unhedged
494210,SOL 미국500타겟데일리커버드콜액티브,SOL,US_COVERED_CALL,US,1.0,unhedged
0005C0,RISE 미국S&P500엔화노출(합성 H),RISE,SP500,US,1.0,hedge
433250,UNICORN R&D 액티브,UNICORN,KR_BIO,KR,1.0,none
0154H0,KoAct 차이나바이오헬스케어액티브,KoAct,CHINA,CHINA,1.0,unhedged
139290,TIGER 200 경기소비재,TIGER,KOSPI200,KR,1.0,none
390400,KODEX 미국스마트모빌리티S&P,KODEX,SP500_AUTONOMOUS,US,1.0,unhedged
381570,HANARO Fn친환경에너지,HANARO,CLEAN_ENERGY,KR,1.0,none
497520,ACE 일라이릴리밸류체인,ACE,KR_GLOBAL_VALUECHAIN,GLOBAL,1.0,unhedged
429010,TIGER 미국나스닥넥스트100,TIGER,NASDAQ100,US,1.0,unhedged
0131A0,SOL 차이나소비트렌드,SOL,CHINA,CHINA,1.0,unhedged
174350,TIGER 로우볼,TIGER,KOSPI200,KR,1.0,none
435540,KIWOOM TDF2040액티브,KIWOOM,TDF,KR,1.0,none
391600,ACE 미국친환경그린테마,ACE,CLEAN_ENERGY,US,1.0,unhedged
462340,에셋플러스 글로벌다이나믹시니어액티브,에셋플러스,MSCI_WORLD,GLOBAL,1.0,unhedged
499150,SOL 미국S&P500엔화노출(H),SOL,SP500,US,1.0,hedge
457930,BNK 미래전략기술액티브,BNK,TECH_INNOVATION,GLOBAL,1.0,unhedged
413220,SOL 차이나태양광CSI(합성),SOL,CHINA,CHINA,1.0,unhedged
182490,TIGER 단기선진하이일드(합성 H),TIGER,US_HIGH_YIELD,GLOBAL,1.0,hedge
438740,마이다스 중소형액티브,마이다스,KOSPI,KR,1.0,none
217780,TIGER 차이나CSI300인버스(합성),TIGER,CHINA_CSI300,CHINA,-1.0,unhedged
219900,ACE 중국본토CSI300레버리지(합성),ACE,CHINA_CSI300,CHINA,2.0,unhedged
429980,SOL 한국형글로벌전기차&2차전지액티브,SOL,KR_BATTERY,KR,1.0,none
488200,KIWOOM K-2차전지북미공급망,KIWOOM,KR_BATTERY,KR,1.0,none
437370,RISE 글로벌농업경제,RISE,AGRICULTURE,COMMODITY,1.0,unhedged
368680,KODEX K-뉴딜디지털플러스,KODEX,KR_TECH,KR,1.0,none
0132D0,KoAct 글로벌K컬처밸류체인액티브,KoAct,KR_CULTURE,GLOBAL,1.0,unhedged
435530,KIWOOM TDF2030액티브,KIWOOM,TDF,KR,1.0,none
256450,PLUS 심천차이넥스트(합성),PLUS,CHINA_STAR50,CHINA,1.0,unhedged
0078V0,PLUS 미국로보택시,PLUS,AUTONOMOUS,US,1.0,unhedged
227570,TIGER 우량가치,TIGER,KOSPI200,KR,1.0,none
291890,KODEX MSCI EM선물(H),KODEX,MSCI_EM,GLOBAL,1.0,hedge
404540,TIGER KRX기후변화솔루션,TIGER,KRX300,KR,1.0,none
139240,TIGER 200 철강소재,TIGER,KOSPI200,KR,1.0,none
488480,RISE 일본섹터TOP4Plus,RISE,JAPAN_TOPIX,JAPAN,1.0,unhedged
316300,ACE 싱가포르리츠,ACE,ASIA_REIT,GLOBAL,1.0,unhedged
315270,TIGER 200커뮤니케이션서비스,TIGER,KOSPI200,KR,1.0,none
244670,KODEX 밸류Plus,KODEX,KOSPI200,KR,1.0,none
304670,KODEX 미국30년국채울트라선물인버스(H),KODEX,US_TREASURY_30Y,US,-1.0,hedge
456200,PLUS 미국달러SOFR금리액티브(합성),PLUS,USD_SOFR,CURRENCY,1.0,unhedged
189400,PLUS 글로벌MSCI(합성 H),PLUS,MSCI_WORLD,GLOBAL,1.0,hedge
307510,TIGER 의료기기,TIGER,KR_BIO,KR,1.0,none
395750,PLUS ESG가치주액티브,PLUS,KR_ESG,KR,1.0,none
252420,RISE 200선물인버스2X,RISE,KOSPI200,KR,-2.0,none
474390,SOL 국고채30년액티브,SOL,KR_TREASURY_30Y,KR,1.0,none
402460,HANARO Fn K-메타버스MZ,HANARO,METAVERSE,KR,1.0,none
243890,TIGER 200에너지화학레버리지,TIGER,KR_SECTOR,KR,2.0,none
138920,KODEX 콩선물(H),KODEX,AGRICULTURE,COMMODITY,1.0,hedge
306530,HANARO 코스닥150선물레버리지,HANARO,KOSDAQ150,KR,2.0,none
314700,HANARO 농업융복합산업,HANARO,AGRICULTURE,COMMODITY,1.0,unhedged
407300,HANARO Fn골프테마,HANARO,KR_LEISURE,KR,1.0,none
252410,RISE 200선물인버스,RISE,KOSPI200,KR,-1.0,none
476000,UNICORN 포스트IPO액티브,UNICORN,KOSPI,KR,1.0,none
295000,RISE 국채선물10년,RISE,KR_TREASURY_10Y,KR,1.0,none
400590,SOL 글로벌탄소배출권선물ICE(합성),SOL,CARBON,COMMODITY,1.0,unhedged
225030,TIGER 미국S&P500선물인버스(H),TIGER,SP500,US,-1.0,hedge
483030,KIWOOM 미국블록버스터바이오테크의약품+,KIWOOM,US_BIO,US,1.0,unhedged
0114X0,RISE 글로벌게임테크TOP3Plus,RISE,KR_CULTURE,KR,1.0,none
334690,RISE 팔라듐선물(H),RISE,RARE_EARTH,COMMODITY,1.0,hedge
220130,SOL 차이나강소기업CSI500(합성 H),SOL,CHINA,CHINA,1.0,hedge
469530,RISE 미국달러선물인버스,RISE,USD,CURRENCY,-1.0,unhedged
289670,PLUS 국채선물10년,PLUS,KR_TREASURY_10Y,KR,1.0,none
490330,KoAct 미국치매&뇌질환치료제액티브,KoAct,US_BIO,US,1.0,unhedged
432600,RISE 국채선물3년,RISE,KR_TREASURY_3Y,KR,1.0,none
0128D0,PLUS 차이나항셍테크위클리타겟커버드콜,PLUS,CHINA_HSCEI,CHINA,1.0,unhedged
261920,ACE MSCI필리핀(합성),ACE,MSCI_EM,GLOBAL,1.0,unhedged
267450,RISE 미국장기국채선물인버스(H),RISE,US_TREASURY_30Y,US,-1.0,hedge
321410,KODEX 멀티에셋하이인컴(H),KODEX,ASSET_ALLOCATION,GLOBAL,1.0,hedge
0015E0,KIWOOM 엔비디아미국30년국채혼합액티브(H),KIWOOM,US_TREASURY_30Y,US,1.0,hedge
476310,RISE 글로벌비만산업TOP2+,RISE,US_BIO,GLOBAL,1.0,unhedged
397420,RISE 국채선물5년추종,RISE,KR_TREASURY_5Y,KR,1.0,none
427120,RISE AI플랫폼,RISE,KR_AI,KR,1.0,none
205720,ACE 일본TOPIX인버스(합성 H),ACE,JAPAN_TOPIX,JAPAN,-1.0,hedge
267440,RISE 미국장기국채선물(H),RISE,US_TREASURY_30Y,US,1.0,hedge
498610,RISE 인도디지털성장,RISE,INDIA,INDIA,1.0,unhedged
400580,SOL 유럽탄소배출권선물S&P(H),SOL,CARBON,COMMODITY,1.0,hedge
244660,KODEX 퀄리티Plus,KODEX,KOSPI200,KR,1.0,none
401590,HANARO 글로벌탄소배출권선물ICE(합성),HANARO,CARBON,COMMODITY,1.0,unhedged
0050E0,PLUS 미국AI에이전트,PLUS,US_AI,US,1.0,unhedged
373790,KIWOOM 미국방어배당성장나스닥,KIWOOM,DJ_US_DIVIDEND,US,1.0,unhedged
145670,ACE 인버스,ACE,KOSDAQ150,KR,-1.0,none
226380,ACE Fn성장소비주도주,ACE,KOSPI,KR,1.0,none
0015K0,TIGER 미국소비트렌드액티브,TIGER,SP500,US,1.0,unhedged
491630,RISE 미국반도체인버스(합성 H),RISE,US_SEMICONDUCTOR,US,-1.0,hedge
394350,KIWOOM 글로벌퓨처모빌리티,KIWOOM,AUTONOMOUS,GLOBAL,1.0,unhedged
0010E0,ACE FTSE WGBI Korea,ACE,KR_TREASURY,KR,1.0,none
266550,PLUS 중형주저변동50,PLUS,KOSPI,KR,1.0,none
227560,TIGER 200 생활소비재,TIGER,KOSPI200,KR,1.0,none
277650,TIGER 코스피중형주,TIGER,KOSPI,KR,1.0,none
225050,TIGER 유로스탁스레버리지(합성 H),TIGER,EUROPE,EUROPE,2.0,hedge
488210,KIWOOM K-반도체북미공급망,KIWOOM,KR_SEMICONDUCTOR,KR,1.0,none
238670,PLUS 스마트베타Quality채권혼합,PLUS,KR_MIXED_STOCK_BOND,KR,1.0,none
291680,RISE 차이나H선물인버스(H),RISE,CHINA_HSCEI,CHINA,-1.0,hedge
267490,RISE 미국장기국채선물레버리지(합성 H),RISE,US_TREASURY_30Y,US,2.0,hedge
227550,TIGER 200 산업재,TIGER,KOSPI200,KR,1.0,none
454180,KIWOOM 차이나내수소비TOP CSI,KIWOOM,CHINA,CHINA,1.0,unhedged
470310,UNICORN 생성형AI강소기업액티브,UNICORN,KR_AI,KR,1.0,none
253230,KIWOOM 200선물인버스2X,KIWOOM,KOSPI200,KR,-2.0,none
424460,HANARO 글로벌워터MSCI(합성),HANARO,INFRASTRUCTURE,GLOBAL,1.0,unhedged
0079X0,ACE BYD밸류체인액티브,ACE,KR_GLOBAL_VALUECHAIN,GLOBAL,1.0,unhedged
280940,KODEX 골드선물인버스(H),KODEX,GOLD,COMMODITY,-1.0,hedge
426330,KIWOOM 미국ETF산업STOXX,KIWOOM,US_TECH,US,1.0,unhedged
460280,KIWOOM Fn유전자혁신기술,KIWOOM,KR_BIO,KR,1.0,none
489010,PLUS 글로벌AI인프라,PLUS,US_AI,GLOBAL,1.0,unhedged
441330,KIWOOM 차이나A50커넥트MSCI,KIWOOM,CHINA,CHINA,1.0,unhedged
291620,KIWOOM 코스닥150선물인버스,KIWOOM,KOSDAQ150,KR,-1.0,none
253160,PLUS 200선물인버스2X,PLUS,KOSPI200,KR,-2.0,none
253240,KIWOOM 200선물인버스,KIWOOM,KOSPI200,KR,-1.0,none
275750,RISE 코스닥150선물인버스,RISE,KOSDAQ150,KR,-1.0,none
465620,ACE 미국빅테크TOP7 Plus인버스(합성),ACE,US_TECH,US,-1.0,unhedged
412560,TIGER BBIG레버리지,TIGER,KR_TECH,KR,2.0,none
334700,RISE 팔라듐선물인버스(H),RISE,RARE_EARTH,COMMODITY,-1.0,hedge
306520,HANARO 200선물인버스,HANARO,KOSPI200,KR,-1.0,none
301410,PLUS 코스닥150선물인버스,PLUS,KOSDAQ150,KR,-1.0,none